연도,품목명,품종명,평균가격,등급명,유통단계별무게,유통단계별단위명
2024-01,쌀,20kg,56837.744,상품,20,kg
2024-01,쌀,10kg,29733.533,상품,10,kg
2024-01,찹쌀,일반계,3759.667,상품,1,kg
2024-01,콩,흰 콩(국산),4821.288,상품,500,g
2024-01,팥,붉은 팥(국산),8157.39,상품,500,g
2024-01,녹두,국산,11693.802,상품,500,g
2024-01,고구마,밤,5223.346,상품,1,kg
2024-01,고구마,밤,4348.929,중품,1,kg
2024-01,감자,수미(노지),364.456,상품,100,g
2024-01,감자,수미(노지),302.254,중품,100,g
2024-01,감자,대지마,572.787,상품,100,g
2024-01,감자,대지마,552.982,중품,100,g
2024-01,감자,수미(시설),530.625,상품,100,g
2024-01,감자,기타(노지),448.402,상품,100,g
2024-01,감자,기타(노지),312.622,중품,100,g
2024-01,배추,월동,3044.32,상품,1,포기
2024-01,배추,월동,3057.167,중품,1,포기
2024-01,양배추,양배추,3757.693,상품,1,포기
2024-01,양배추,양배추,3305.366,중품,1,포기
2024-01,시금치,시금치,842.412,상품,100,g
2024-01,상추,적,1214.94,상품,100,g
2024-01,상추,적,778.944,중품,100,g
2024-01,상추,청,1317.396,상품,100,g
2024-01,얼갈이배추,얼갈이배추,3717.132,상품,1,kg
2024-01,갓,갓,5342.148,상품,1,kg
2024-01,수박,수박,25454.447,상품,1,개
2024-01,수박,수박,24104.864,중품,1,개
2024-01,오이,가시계통,19166.624,상품,10,개
2024-01,오이,다다기계통,14681.181,상품,10,개
2024-01,오이,다다기계통,10125.19,중품,10,개
2024-01,오이,취청,18665.4,상품,10,개
2024-01,호박,애호박,2409.856,상품,1,개
2024-01,호박,애호박,1799.283,중품,1,개
2024-01,호박,쥬키니,2110.597,상품,1,개
2024-01,토마토,토마토,7108.602,상품,1,kg
2024-01,딸기,딸기,2172.034,상품,100,g
2024-01,딸기,딸기,1749.187,중품,100,g
2024-01,무,월동,1597.006,상품,1,개
2024-01,무,월동,1432.041,중품,1,개
2024-01,당근,무세척,3396.944,상품,1,kg
2024-01,당근,무세척,3022.135,중품,1,kg
2024-01,열무,열무,7415.108,상품,1,kg
2024-01,건고추,화건,18506.715,상품,600,g
2024-01,풋고추,풋고추(녹광 등),1623.088,상품,100,g
2024-01,풋고추,꽈리고추,1790.511,상품,100,g
2024-01,풋고추,꽈리고추,1078.778,중품,100,g
2024-01,풋고추,청양고추,1583.216,상품,100,g
2024-01,풋고추,청양고추,992.315,중품,100,g
2024-01,풋고추,오이맛고추,1493.961,상품,100,g
2024-01,붉은고추,붉은고추,1768.475,상품,100,g
2024-01,붉은고추,붉은고추,981.111,중품,100,g
2024-01,양파,양파,2360.278,상품,1,kg
2024-01,양파,양파,2128.571,중품,1,kg
2024-01,파,대파,4158.192,상품,1,kg
2024-01,파,대파,3762.235,중품,1,kg
2024-01,파,쪽파,10627.705,상품,1,kg
2024-01,파,쪽파,7717.642,중품,1,kg
2024-01,생강,국산,15546.62,상품,1,kg
2024-01,고춧가루,국산,34682.456,상품,1,kg
2024-01,고춧가루,중국,13648.687,상품,1,kg
2024-01,미나리,미나리,1745.234,상품,100,g
2024-01,깻잎,깻잎,2891.896,상품,100,g
2024-01,피망,청,1760.741,상품,100,g
2024-01,파프리카,파프리카,2087.931,상품,200,g
2024-01,파프리카,파프리카,1436.302,중품,200,g
2024-01,멜론,멜론,17040.831,상품,1,개
2024-01,깐마늘(국산),깐마늘(국산),9941.933,상품,1,kg
2024-01,깐마늘(국산),깐마늘(국산),7692.473,중품,1,kg
2024-01,알배기배추,알배기배추,2780.68,상품,1,포기
2024-01,알배기배추,알배기배추,1937.318,중품,1,포기
2024-01,브로콜리,브로콜리(국산),1956.36,상품,1,개
2024-01,브로콜리,브로콜리(국산),1593.917,중품,1,개
2024-01,참깨,백색(국산),16745.146,상품,500,g
2024-01,참깨,중국,5035.407,중품,500,g
2024-01,땅콩,국산,3310.994,상품,100,g
2024-01,땅콩,수입,1051.82,중품,100,g
2024-01,느타리버섯,느타리버섯,1067.169,상품,100,g
2024-01,느타리버섯,애느타리버섯,630.333,상품,100,g
2024-01,팽이버섯,팽이버섯,555.223,상품,150,g
2024-01,새송이버섯,새송이버섯,618.909,상품,100,g
2024-01,새송이버섯,새송이버섯,466.161,중품,100,g
2024-01,호두,수입,1635.568,중품,100,g
2024-01,아몬드,수입,1550.563,중품,100,g
2024-01,사과,후지,27593.301,상품,10,개
2024-01,사과,후지,22297.967,중품,10,개
2024-01,배,신고,33045.13,상품,10,개
2024-01,배,신고,25491.566,중품,10,개
2024-01,포도,샤인머스켓,24522.407,L과,2,kg
2024-01,감귤,노지,4527.61,M과,10,개
2024-01,감귤,노지,3689.942,S과,10,개
2024-01,단감,단감,18003.325,상품,10,개
2024-01,단감,단감,15073.599,중품,10,개
2024-01,바나나,수입,322.716,상품,100,g
2024-01,바나나,수입,287.321,중품,100,g
2024-01,참다래,국산,10181.119,상품,10,개
2024-01,참다래,국산,8076.029,중품,10,개
2024-01,파인애플,수입,7999.573,상품,1,개
2024-01,파인애플,수입,6846.802,중품,1,개
2024-01,오렌지,네이블 미국,17430,상품,10,개
2024-01,오렌지,네이블 미국,16838.083,중품,10,개
2024-01,오렌지,네이블 호주,12927.056,중품,10,개
2024-01,방울토마토,방울토마토,12042.406,상품,1,kg
2024-01,방울토마토,대추방울토마토,10854.903,상품,1,kg
2024-01,레몬,수입,11002.655,상품,10,개
2024-01,레몬,수입,8954.679,중품,10,개
2024-01,체리,수입,2851.151,상품,100,g
2024-01,망고,수입,5710.535,상품,1,개
2024-01,망고,수입,3859.208,중품,1,개
2024-01,아보카도,수입,2059.396,상품,1,개
2024-01,고등어,국산(염장),4515.631,중품,2,마리
2024-01,고등어,국산(신선 냉장),4140.191,大,1,마리
2024-01,고등어,국산(신선 냉장),3207.794,中,1,마리
2024-01,고등어,국산(냉동),4387.505,大,1,마리
2024-01,고등어,수입산(염장),6616.339,大,2,마리
2024-01,꽁치,냉동(수입),6421.839,중품,5,마리
2024-01,갈치,국산(냉장),14333.917,大,1,마리
2024-01,갈치,국산(냉장),7346.248,中,1,마리
2024-01,갈치,국산(냉장),3941.435,小,1,마리
2024-01,갈치,국산(냉동),8812.083,大,1,마리
2024-01,갈치,국산(냉동),4607.452,中,1,마리
2024-01,조기,참조기(냉동),1480.582,中,1,마리
2024-01,조기,참조기(냉동),1078.331,小,1,마리
2024-01,조기,굴비,2456.84,中,1,마리
2024-01,명태,냉동(원양수입통합),3604.012,大,1,마리
2024-01,명태,냉동(원양수입통합),2739,中,1,마리
2024-01,명태,냉동가공,9245.295,中,1,kg
2024-01,물오징어,연근해(신선 냉장),7355.52,中,1,마리
2024-01,물오징어,연근해(냉동),5845.174,中,1,마리
2024-01,물오징어,연근해(냉동),3629.063,小,1,마리
2024-01,물오징어,원양(냉동),4194.106,中,1,마리
2024-01,물오징어,원양(냉동),2846.719,小,1,마리
2024-01,건멸치,건멸치,2172.451,대멸,100,g
2024-01,건멸치,건멸치,2984.567,중멸,100,g
2024-01,건멸치,건멸치,3173.835,세멸,100,g
2024-01,건오징어,건오징어,70421.88,중품,10,마리
2024-01,김,마른김,1038.719,중품,10,장
2024-01,김,얼구운김,1716.458,중품,10,장
2024-01,건미역,건미역,3025.613,상품,100,g
2024-01,굴,굴,22328.377,상품,1,kg
2024-01,수입조기,부세수입(냉동),3926.72,중품,1,마리
2024-01,새우젓,새우젓,14979.34,상품,1,kg
2024-01,멸치액젓,멸치액젓,5264.466,상품,1,kg
2024-01,굵은소금,굵은소금,10665.267,상품,5,kg
2024-01,전복,전복,13475.561,중품,5,마리
2024-01,새우,흰다리(수입),4953.158,중품,10,마리
2024-01,즉석밥,CJ 햇반 백미밥 210g×8개,10451.454,상품,1,묶음
2024-01,두부,풀무원 국산콩 300g×2,5088.333,상품,1,개
2024-01,김치,대상 종가집 포기김치 3.3kg,33059.125,상품,1,개
2024-01,고추장,해찬들 우리쌀로만든 태양초고추장 1kg,14636.332,상품,1,개
2024-01,된장,청정원 재래식 생된장 1kg,7512.5,상품,1,개
2024-01,간장,샘표 양조간장 501 1.7L,11521.768,상품,1,개
2024-01,맛김(조미김),동원에프앤비 양반 들기름김 5g×20봉,8522.143,상품,1,묶음
2024-01,콩나물,풀무원 국산콩 콩나물 340g,2426.752,상품,1,봉
2024-02,쌀,20kg,55903.059,상품,20,kg
2024-02,쌀,10kg,29075.082,상품,10,kg
2024-02,찹쌀,일반계,3759.824,상품,1,kg
2024-02,콩,흰 콩(국산),5165.222,상품,500,g
2024-02,팥,붉은 팥(국산),8554.729,상품,500,g
2024-02,녹두,국산,11488.889,상품,500,g
2024-02,고구마,밤,5286.067,상품,1,kg
2024-02,고구마,밤,4358.461,중품,1,kg
2024-02,감자,수미(노지),377.535,상품,100,g
2024-02,감자,수미(노지),299.585,중품,100,g
2024-02,감자,대지마,612.773,상품,100,g
2024-02,감자,수미(시설),581.329,상품,100,g
2024-02,배추,월동,3396.911,상품,1,포기
2024-02,배추,월동,3055.417,중품,1,포기
2024-02,양배추,양배추,3631.041,상품,1,포기
2024-02,양배추,양배추,3212.439,중품,1,포기
2024-02,시금치,시금치,1128.242,상품,100,g
2024-02,상추,적,1154.252,상품,100,g
2024-02,상추,적,750.118,중품,100,g
2024-02,상추,청,1255.396,상품,100,g
2024-02,얼갈이배추,얼갈이배추,3997.133,상품,1,kg
2024-02,수박,수박,32218.996,상품,1,개
2024-02,수박,수박,27951.854,중품,1,개
2024-02,오이,가시계통,22534.218,상품,10,개
2024-02,오이,다다기계통,16062.966,상품,10,개
2024-02,오이,다다기계통,11632.684,중품,10,개
2024-02,오이,취청,20041.062,상품,10,개
2024-02,호박,애호박,2879.588,상품,1,개
2024-02,호박,애호박,2257.356,중품,1,개
2024-02,호박,쥬키니,2484.847,상품,1,개
2024-02,토마토,토마토,8707.223,상품,1,kg
2024-02,딸기,딸기,2022.626,상품,100,g
2024-02,딸기,딸기,1668.897,중품,100,g
2024-02,무,월동,1686.603,상품,1,개
2024-02,무,월동,1472.023,중품,1,개
2024-02,당근,무세척,3776.541,상품,1,kg
2024-02,당근,무세척,3198.759,중품,1,kg
2024-02,열무,열무,5604.522,상품,1,kg
2024-02,건고추,화건,18511.111,상품,600,g
2024-02,풋고추,풋고추(녹광 등),2165.164,상품,100,g
2024-02,풋고추,꽈리고추,2148.471,상품,100,g
2024-02,풋고추,꽈리고추,1264.176,중품,100,g
2024-02,풋고추,청양고추,2413.447,상품,100,g
2024-02,풋고추,청양고추,1541.716,중품,100,g
2024-02,풋고추,오이맛고추,1922.765,상품,100,g
2024-02,풋고추,오이맛고추,1108.727,중품,100,g
2024-02,붉은고추,붉은고추,1865.318,상품,100,g
2024-02,붉은고추,붉은고추,1030.845,중품,100,g
2024-02,양파,양파,2203.329,상품,1,kg
2024-02,양파,양파,2122.926,중품,1,kg
2024-02,파,대파,4337.549,상품,1,kg
2024-02,파,대파,3622.235,중품,1,kg
2024-02,파,쪽파,11287.532,상품,1,kg
2024-02,파,쪽파,7511.523,중품,1,kg
2024-02,생강,국산,15689.522,상품,1,kg
2024-02,고춧가루,국산,36215.188,상품,1,kg
2024-02,고춧가루,중국,13601.123,상품,1,kg
2024-02,미나리,미나리,1971.411,상품,100,g
2024-02,깻잎,깻잎,3046.581,상품,100,g
2024-02,피망,청,2119.152,상품,100,g
2024-02,파프리카,파프리카,2573.157,상품,200,g
2024-02,파프리카,파프리카,1878.883,중품,200,g
2024-02,멜론,멜론,18780.319,상품,1,개
2024-02,깐마늘(국산),깐마늘(국산),9819.118,상품,1,kg
2024-02,깐마늘(국산),깐마늘(국산),7611.116,중품,1,kg
2024-02,알배기배추,알배기배추,3021.282,상품,1,포기
2024-02,알배기배추,알배기배추,2029.68,중품,1,포기
2024-02,브로콜리,브로콜리(국산),2131.143,상품,1,개
2024-02,참깨,백색(국산),16756.749,상품,500,g
2024-02,참깨,중국,5011.843,중품,500,g
2024-02,땅콩,국산,3265.28,상품,100,g
2024-02,땅콩,수입,1049.033,중품,100,g
2024-02,느타리버섯,느타리버섯,1140.208,상품,100,g
2024-02,느타리버섯,애느타리버섯,685.995,상품,100,g
2024-02,팽이버섯,팽이버섯,582.688,상품,150,g
2024-02,새송이버섯,새송이버섯,655.959,상품,100,g
2024-02,새송이버섯,새송이버섯,517.024,중품,100,g
2024-02,호두,수입,1585.386,중품,100,g
2024-02,아몬드,수입,1589.134,중품,100,g
2024-02,사과,후지,27856.652,상품,10,개
2024-02,사과,후지,22845.624,중품,10,개
2024-02,배,신고,36632.724,상품,10,개
2024-02,배,신고,29009.025,중품,10,개
2024-02,포도,샤인머스켓,27842.301,L과,2,kg
2024-02,감귤,노지,5867.471,M과,10,개
2024-02,감귤,노지,4890.907,S과,10,개
2024-02,단감,단감,21314.337,상품,10,개
2024-02,단감,단감,15063.709,중품,10,개
2024-02,바나나,수입,329.626,상품,100,g
2024-02,바나나,수입,291.024,중품,100,g
2024-02,참다래,국산,10201.54,상품,10,개
2024-02,참다래,국산,7613.632,중품,10,개
2024-02,파인애플,수입,8077.05,상품,1,개
2024-02,파인애플,수입,7173.942,중품,1,개
2024-02,오렌지,네이블 미국,17717.849,상품,10,개
2024-02,오렌지,네이블 미국,15677.979,중품,10,개
2024-02,방울토마토,방울토마토,14060.608,상품,1,kg
2024-02,방울토마토,대추방울토마토,11779.976,상품,1,kg
2024-02,레몬,수입,11034.333,상품,10,개
2024-02,레몬,수입,8901.995,중품,10,개
2024-02,체리,수입,2661.635,상품,100,g
2024-02,망고,수입,4365.095,상품,1,개
2024-02,아보카도,수입,2109.278,상품,1,개
2024-02,고등어,국산(염장),4575.541,중품,2,마리
2024-02,고등어,국산(신선 냉장),3975.082,大,1,마리
2024-02,고등어,국산(신선 냉장),3290.986,中,1,마리
2024-02,고등어,국산(냉동),4470.757,大,1,마리
2024-02,고등어,수입산(염장),6642.023,大,2,마리
2024-02,꽁치,냉동(수입),6571.951,중품,5,마리
2024-02,갈치,국산(냉장),15268.952,大,1,마리
2024-02,갈치,국산(냉장),7677.792,中,1,마리
2024-02,갈치,국산(냉장),3753.75,小,1,마리
2024-02,갈치,국산(냉동),8990.37,大,1,마리
2024-02,갈치,국산(냉동),4253.423,中,1,마리
2024-02,조기,참조기(냉동),1684.071,中,1,마리
2024-02,조기,참조기(냉동),1191.384,小,1,마리
2024-02,조기,굴비,2928.875,中,1,마리
2024-02,명태,냉동(원양수입통합),3495.403,大,1,마리
2024-02,명태,냉동(원양수입통합),2664.258,中,1,마리
2024-02,명태,냉동가공,9333,中,1,kg
2024-02,물오징어,연근해(신선 냉장),7904.615,中,1,마리
2024-02,물오징어,연근해(냉동),5480.376,中,1,마리
2024-02,물오징어,연근해(냉동),4431.653,小,1,마리
2024-02,물오징어,원양(냉동),4440.892,中,1,마리
2024-02,물오징어,원양(냉동),2830.347,小,1,마리
2024-02,건멸치,건멸치,2170.811,대멸,100,g
2024-02,건멸치,건멸치,2975.444,중멸,100,g
2024-02,건멸치,건멸치,3165.788,세멸,100,g
2024-02,건오징어,건오징어,71787.728,중품,10,마리
2024-02,김,마른김,1105.298,중품,10,장
2024-02,김,얼구운김,1718.584,중품,10,장
2024-02,건미역,건미역,3080.804,상품,100,g
2024-02,굴,굴,19935.725,상품,1,kg
2024-02,수입조기,부세수입(냉동),3913.163,중품,1,마리
2024-02,새우젓,새우젓,15246.976,상품,1,kg
2024-02,멸치액젓,멸치액젓,5283.062,상품,1,kg
2024-02,굵은소금,굵은소금,10244.75,상품,5,kg
2024-02,전복,전복,13901.754,중품,5,마리
2024-02,새우,흰다리(수입),4863.272,중품,10,마리
2024-02,즉석밥,CJ 햇반 백미밥 210g×8개,10215.484,상품,1,묶음
2024-02,두부,풀무원 국산콩 300g×2,5205.345,상품,1,개
2024-02,김치,대상 종가집 포기김치 3.3kg,32913.316,상품,1,개
2024-02,고추장,해찬들 우리쌀로만든 태양초고추장 1kg,14397.335,상품,1,개
2024-02,된장,청정원 재래식 생된장 1kg,7740.423,상품,1,개
2024-02,간장,샘표 양조간장 501 1.7L,10653.422,상품,1,개
2024-02,맛김(조미김),동원에프앤비 양반 들기름김 5g×20봉,9100.649,상품,1,묶음
2024-02,콩나물,풀무원 국산콩 콩나물 340g,2486.872,상품,1,봉
2024-03,쌀,20kg,52714.068,상품,20,kg
2024-03,쌀,10kg,28299.77,상품,10,kg
2024-03,찹쌀,일반계,3905.116,상품,1,kg
2024-03,콩,흰 콩(국산),5362.518,상품,500,g
2024-03,팥,붉은 팥(국산),8928.139,상품,500,g
2024-03,녹두,국산,12010.839,상품,500,g
2024-03,고구마,밤,5403.81,상품,1,kg
2024-03,고구마,밤,4434.167,중품,1,kg
2024-03,감자,수미(노지),385.19,상품,100,g
2024-03,감자,수미(노지),300.353,중품,100,g
2024-03,감자,대지마,536.64,상품,100,g
2024-03,감자,수미(시설),640.955,상품,100,g
2024-03,배추,월동,3648.031,상품,1,포기
2024-03,양배추,양배추,4116.304,상품,1,포기
2024-03,양배추,양배추,3438.007,중품,1,포기
2024-03,시금치,시금치,774.317,상품,100,g
2024-03,시금치,시금치,692.375,중품,100,g
2024-03,상추,적,977.208,상품,100,g
2024-03,상추,적,722.944,중품,100,g
2024-03,상추,청,1083.568,상품,100,g
2024-03,얼갈이배추,얼갈이배추,3828.921,상품,1,kg
2024-03,수박,수박,32335.797,상품,1,개
2024-03,수박,수박,27846.799,중품,1,개
2024-03,참외,참외,30404.433,상품,10,개
2024-03,참외,참외,23234.904,중품,10,개
2024-03,오이,가시계통,19798.319,상품,10,개
2024-03,오이,다다기계통,11995.506,상품,10,개
2024-03,오이,다다기계통,10767.268,중품,10,개
2024-03,오이,취청,18925.394,상품,10,개
2024-03,호박,애호박,2379.912,상품,1,개
2024-03,호박,애호박,2192.468,중품,1,개
2024-03,호박,쥬키니,3256.248,상품,1,개
2024-03,토마토,토마토,7917.897,상품,1,kg
2024-03,딸기,딸기,1435.782,상품,100,g
2024-03,딸기,딸기,1249.127,중품,100,g
2024-03,무,월동,1870.843,상품,1,개
2024-03,무,월동,1471.936,중품,1,개
2024-03,당근,무세척,4478.013,상품,1,kg
2024-03,당근,무세척,3540.412,중품,1,kg
2024-03,열무,열무,3575.905,상품,1,kg
2024-03,건고추,화건,18573.834,상품,600,g
2024-03,풋고추,풋고추(녹광 등),2320.928,상품,100,g
2024-03,풋고추,꽈리고추,2010.571,상품,100,g
2024-03,풋고추,꽈리고추,1233.586,중품,100,g
2024-03,풋고추,청양고추,2102.784,상품,100,g
2024-03,풋고추,청양고추,1805.076,중품,100,g
2024-03,풋고추,오이맛고추,1806.049,상품,100,g
2024-03,풋고추,오이맛고추,1172.731,중품,100,g
2024-03,붉은고추,붉은고추,2801.127,상품,100,g
2024-03,붉은고추,붉은고추,1362.591,중품,100,g
2024-03,양파,양파,2549.063,상품,1,kg
2024-03,파,대파,3208.218,상품,1,kg
2024-03,파,대파,3504.773,중품,1,kg
2024-03,파,쪽파,8253.88,상품,1,kg
2024-03,파,쪽파,5491.537,중품,1,kg
2024-03,생강,국산,15902.106,상품,1,kg
2024-03,고춧가루,국산,34114.332,상품,1,kg
2024-03,고춧가루,중국,13499.748,상품,1,kg
2024-03,미나리,미나리,1676.654,상품,100,g
2024-03,깻잎,깻잎,2521.41,상품,100,g
2024-03,피망,청,1781.162,상품,100,g
2024-03,파프리카,파프리카,2146.162,상품,200,g
2024-03,파프리카,파프리카,1863.127,중품,200,g
2024-03,멜론,멜론,19905.134,상품,1,개
2024-03,깐마늘(국산),깐마늘(국산),9794.315,상품,1,kg
2024-03,깐마늘(국산),깐마늘(국산),7566.795,중품,1,kg
2024-03,알배기배추,알배기배추,3642.487,상품,1,포기
2024-03,알배기배추,알배기배추,2434.989,중품,1,포기
2024-03,브로콜리,브로콜리(국산),2688.741,상품,1,개
2024-03,참깨,백색(국산),16774.445,상품,500,g
2024-03,참깨,중국,4974.852,중품,500,g
2024-03,땅콩,국산,3543.553,상품,100,g
2024-03,땅콩,수입,1055.072,중품,100,g
2024-03,느타리버섯,느타리버섯,985.451,상품,100,g
2024-03,느타리버섯,애느타리버섯,630.295,상품,100,g
2024-03,팽이버섯,팽이버섯,576.33,상품,150,g
2024-03,새송이버섯,새송이버섯,622.421,상품,100,g
2024-03,새송이버섯,새송이버섯,485.384,중품,100,g
2024-03,호두,수입,1481.159,중품,100,g
2024-03,아몬드,수입,1531.532,중품,100,g
2024-03,사과,후지,26643.26,상품,10,개
2024-03,사과,후지,21659.882,중품,10,개
2024-03,배,신고,41675.013,상품,10,개
2024-03,배,신고,32287.792,중품,10,개
2024-03,포도,샤인머스켓,30583.101,L과,2,kg
2024-03,단감,단감,20767.879,상품,10,개
2024-03,단감,단감,17733.594,중품,10,개
2024-03,바나나,수입,315.154,상품,100,g
2024-03,바나나,수입,292.482,중품,100,g
2024-03,참다래,국산,10371.847,상품,10,개
2024-03,참다래,국산,7487.979,중품,10,개
2024-03,파인애플,수입,7219.938,상품,1,개
2024-03,파인애플,수입,5705.63,중품,1,개
2024-03,오렌지,네이블 미국,16686.499,상품,10,개
2024-03,오렌지,네이블 미국,13780.377,중품,10,개
2024-03,방울토마토,방울토마토,15128.421,상품,1,kg
2024-03,방울토마토,대추방울토마토,12684.618,상품,1,kg
2024-03,레몬,수입,10326.048,상품,10,개
2024-03,레몬,수입,8846.96,중품,10,개
2024-03,체리,수입,2613.143,상품,100,g
2024-03,망고,수입,3581.47,상품,1,개
2024-03,망고,수입,3015.538,중품,1,개
2024-03,아보카도,수입,2171.701,상품,1,개
2024-03,고등어,국산(염장),4400.187,중품,2,마리
2024-03,고등어,국산(신선 냉장),3883.675,大,1,마리
2024-03,고등어,국산(신선 냉장),3135.034,中,1,마리
2024-03,고등어,국산(냉동),4247.12,大,1,마리
2024-03,고등어,수입산(염장),6701.448,大,2,마리
2024-03,꽁치,냉동(수입),6484.961,중품,5,마리
2024-03,갈치,국산(냉장),17491.016,大,1,마리
2024-03,갈치,국산(냉장),8571.091,中,1,마리
2024-03,갈치,국산(냉동),9395.338,大,1,마리
2024-03,갈치,국산(냉동),4051.408,中,1,마리
2024-03,조기,참조기(냉동),1448.571,中,1,마리
2024-03,조기,참조기(냉동),1065.489,小,1,마리
2024-03,명태,냉동(원양수입통합),3384.301,大,1,마리
2024-03,명태,냉동(원양수입통합),2613.374,中,1,마리
2024-03,명태,냉동가공,9193.726,中,1,kg
2024-03,물오징어,연근해(신선 냉장),8966.407,中,1,마리
2024-03,물오징어,연근해(냉동),5502.198,中,1,마리
2024-03,물오징어,원양(냉동),3985.875,中,1,마리
2024-03,물오징어,원양(냉동),2590.437,小,1,마리
2024-03,건멸치,건멸치,2225.826,대멸,100,g
2024-03,건멸치,건멸치,2865.179,중멸,100,g
2024-03,건멸치,건멸치,3242.235,세멸,100,g
2024-03,건오징어,건오징어,70208.036,중품,10,마리
2024-03,김,마른김,1151.262,중품,10,장
2024-03,김,얼구운김,1741.839,중품,10,장
2024-03,건미역,건미역,3069.297,상품,100,g
2024-03,굴,굴,19090.552,상품,1,kg
2024-03,수입조기,부세수입(냉동),3867.494,중품,1,마리
2024-03,새우젓,새우젓,15181.806,상품,1,kg
2024-03,멸치액젓,멸치액젓,5248.607,상품,1,kg
2024-03,굵은소금,굵은소금,10336.746,상품,5,kg
2024-03,전복,전복,12187.375,중품,5,마리
2024-03,새우,흰다리(수입),4923.097,중품,10,마리
2024-03,즉석밥,CJ 햇반 백미밥 210g×8개,10074.827,상품,1,묶음
2024-03,두부,풀무원 국산콩 300g×2,5239.983,상품,1,개
2024-03,김치,대상 종가집 포기김치 3.3kg,32884.377,상품,1,개
2024-03,고추장,해찬들 우리쌀로만든 태양초고추장 1kg,13662.101,상품,1,개
2024-03,된장,청정원 재래식 생된장 1kg,7523.143,상품,1,개
2024-03,간장,샘표 양조간장 501 1.7L,10625.73,상품,1,개
2024-03,맛김(조미김),동원에프앤비 양반 들기름김 5g×20봉,8850.014,상품,1,묶음
2024-03,콩나물,풀무원 국산콩 콩나물 340g,2420.724,상품,1,봉
2024-04,쌀,20kg,50812.286,상품,20,kg
2024-04,쌀,10kg,28272.152,상품,10,kg
2024-04,찹쌀,일반계,3816.838,상품,1,kg
2024-04,콩,흰 콩(국산),5374.549,상품,500,g
2024-04,팥,붉은 팥(국산),9170.667,상품,500,g
2024-04,녹두,국산,11768,상품,500,g
2024-04,고구마,밤,5395.128,상품,1,kg
2024-04,고구마,밤,4458.13,중품,1,kg
2024-04,감자,수미(노지),386.8,상품,100,g
2024-04,감자,수미(노지),305.823,중품,100,g
2024-04,감자,수미(시설),627.037,상품,100,g
2024-04,감자,수미(시설),484.272,중품,100,g
2024-04,배추,봄,3928.152,상품,1,포기
2024-04,배추,월동,4671.246,상품,1,포기
2024-04,양배추,양배추,5464.242,상품,1,포기
2024-04,양배추,양배추,4212.287,중품,1,포기
2024-04,시금치,시금치,704.327,상품,100,g
2024-04,시금치,시금치,697.333,중품,100,g
2024-04,상추,적,828.655,상품,100,g
2024-04,상추,적,608.503,중품,100,g
2024-04,상추,청,899.372,상품,100,g
2024-04,얼갈이배추,얼갈이배추,3203.523,상품,1,kg
2024-04,수박,수박,30404.325,상품,1,개
2024-04,수박,수박,26066.753,중품,1,개
2024-04,참외,참외,31509.158,상품,10,개
2024-04,참외,참외,24151.139,중품,10,개
2024-04,오이,가시계통,13427.733,상품,10,개
2024-04,오이,다다기계통,8761.602,상품,10,개
2024-04,오이,다다기계통,7033.373,중품,10,개
2024-04,오이,취청,15424.373,상품,10,개
2024-04,호박,애호박,1686.044,상품,1,개
2024-04,호박,애호박,1545.848,중품,1,개
2024-04,호박,쥬키니,2088.18,상품,1,개
2024-04,토마토,토마토,7074.848,상품,1,kg
2024-04,딸기,딸기,1235.568,상품,100,g
2024-04,딸기,딸기,1009.458,중품,100,g
2024-04,무,월동,1934.635,상품,1,개
2024-04,무,월동,1616.781,중품,1,개
2024-04,당근,무세척,5216.696,상품,1,kg
2024-04,당근,무세척,3983.159,중품,1,kg
2024-04,열무,열무,3163.022,상품,1,kg
2024-04,건고추,화건,18671.19,상품,600,g
2024-04,풋고추,풋고추(녹광 등),1900.148,상품,100,g
2024-04,풋고추,꽈리고추,1644.514,상품,100,g
2024-04,풋고추,꽈리고추,1065.407,중품,100,g
2024-04,풋고추,청양고추,1328.655,상품,100,g
2024-04,풋고추,청양고추,1106.333,중품,100,g
2024-04,풋고추,오이맛고추,1351.07,상품,100,g
2024-04,풋고추,오이맛고추,911.378,중품,100,g
2024-04,붉은고추,붉은고추,3456.134,상품,100,g
2024-04,붉은고추,붉은고추,1616.25,중품,100,g
2024-04,양파,양파,2640.218,상품,1,kg
2024-04,양파,양파,2293.86,중품,1,kg
2024-04,양파,햇양파,2785.756,상품,1,kg
2024-04,파,대파,2343.955,상품,1,kg
2024-04,파,대파,1958.716,중품,1,kg
2024-04,파,쪽파,7479.237,상품,1,kg
2024-04,파,쪽파,5039.714,중품,1,kg
2024-04,생강,국산,16076.389,상품,1,kg
2024-04,고춧가루,국산,34261.01,상품,1,kg
2024-04,고춧가루,중국,13391.904,상품,1,kg
2024-04,미나리,미나리,1468.613,상품,100,g
2024-04,깻잎,깻잎,2060.19,상품,100,g
2024-04,피망,청,1408.537,상품,100,g
2024-04,파프리카,파프리카,1934.937,상품,200,g
2024-04,파프리카,파프리카,1648.67,중품,200,g
2024-04,멜론,멜론,16275.106,상품,1,개
2024-04,깐마늘(국산),깐마늘(국산),9196.048,상품,1,kg
2024-04,깐마늘(국산),깐마늘(국산),7596.12,중품,1,kg
2024-04,알배기배추,알배기배추,4094.857,상품,1,포기
2024-04,알배기배추,알배기배추,2907.207,중품,1,포기
2024-04,브로콜리,브로콜리(국산),3961.957,상품,1,개
2024-04,참깨,백색(국산),16609.198,상품,500,g
2024-04,참깨,중국,4999.047,중품,500,g
2024-04,땅콩,국산,3571.036,상품,100,g
2024-04,땅콩,수입,1055.989,중품,100,g
2024-04,느타리버섯,느타리버섯,987.764,상품,100,g
2024-04,느타리버섯,애느타리버섯,600.639,상품,100,g
2024-04,팽이버섯,팽이버섯,596.912,상품,150,g
2024-04,새송이버섯,새송이버섯,621.974,상품,100,g
2024-04,새송이버섯,새송이버섯,476.927,중품,100,g
2024-04,호두,수입,1524.017,중품,100,g
2024-04,아몬드,수입,1551.835,중품,100,g
2024-04,사과,후지,24849.699,상품,10,개
2024-04,사과,후지,20800.428,중품,10,개
2024-04,배,신고,44804.35,상품,10,개
2024-04,배,신고,34679.38,중품,10,개
2024-04,포도,샤인머스켓,34629.697,L과,2,kg
2024-04,단감,단감,19432.982,상품,10,개
2024-04,바나나,수입,278.419,상품,100,g
2024-04,바나나,수입,269.22,중품,100,g
2024-04,참다래,국산,9984.863,상품,10,개
2024-04,파인애플,수입,6923.113,상품,1,개
2024-04,파인애플,수입,5788.545,중품,1,개
2024-04,오렌지,네이블 미국,15113.691,상품,10,개
2024-04,오렌지,네이블 미국,12397.502,중품,10,개
2024-04,방울토마토,방울토마토,13396.832,상품,1,kg
2024-04,방울토마토,대추방울토마토,11421.156,상품,1,kg
2024-04,레몬,수입,10247.498,상품,10,개
2024-04,레몬,수입,8695.286,중품,10,개
2024-04,체리,수입,2274.546,상품,100,g
2024-04,망고,수입,3640.914,상품,1,개
2024-04,망고,수입,2909.265,중품,1,개
2024-04,아보카도,수입,2191.173,상품,1,개
2024-04,고등어,국산(염장),4377.375,중품,2,마리
2024-04,고등어,국산(신선 냉장),3640.861,大,1,마리
2024-04,고등어,국산(신선 냉장),2945.778,中,1,마리
2024-04,고등어,국산(냉동),3929.273,大,1,마리
2024-04,고등어,수입산(염장),6620.268,大,2,마리
2024-04,꽁치,냉동(수입),6488.91,중품,5,마리
2024-04,갈치,국산(냉장),18781.117,大,1,마리
2024-04,갈치,국산(냉장),9409.821,中,1,마리
2024-04,갈치,국산(냉동),9871.169,大,1,마리
2024-04,갈치,국산(냉동),3752.478,中,1,마리
2024-04,조기,참조기(냉동),1444.417,中,1,마리
2024-04,조기,굴비,2834.156,中,1,마리
2024-04,명태,냉동(원양수입통합),3492.34,大,1,마리
2024-04,명태,냉동(원양수입통합),2656.444,中,1,마리
2024-04,명태,냉동가공,9530.934,中,1,kg
2024-04,물오징어,연근해(냉동),5832.793,中,1,마리
2024-04,물오징어,원양(냉동),4118.442,中,1,마리
2024-04,물오징어,원양(냉동),2670.996,小,1,마리
2024-04,건멸치,건멸치,2235.836,대멸,100,g
2024-04,건멸치,건멸치,2826.19,중멸,100,g
2024-04,건멸치,건멸치,3108.796,세멸,100,g
2024-04,건오징어,건오징어,70456.485,중품,10,마리
2024-04,김,마른김,1237.284,중품,10,장
2024-04,김,얼구운김,1932.138,중품,10,장
2024-04,건미역,건미역,3054.622,상품,100,g
2024-04,굴,굴,18449.491,상품,1,kg
2024-04,수입조기,부세수입(냉동),3829.828,중품,1,마리
2024-04,새우젓,새우젓,15295.655,상품,1,kg
2024-04,멸치액젓,멸치액젓,5305.369,상품,1,kg
2024-04,굵은소금,굵은소금,10310.651,상품,5,kg
2024-04,전복,전복,12388.814,중품,5,마리
2024-04,새우,흰다리(수입),4642.659,중품,10,마리
2024-04,즉석밥,CJ 햇반 백미밥 210g×8개,10305.784,상품,1,묶음
2024-04,두부,풀무원 국산콩 300g×2,5177.2,상품,1,개
2024-04,김치,대상 종가집 포기김치 3.3kg,32616.292,상품,1,개
2024-04,고추장,해찬들 우리쌀로만든 태양초고추장 1kg,15064.628,상품,1,개
2024-04,된장,청정원 재래식 생된장 1kg,7622.887,상품,1,개
2024-04,간장,샘표 양조간장 501 1.7L,12920.981,상품,1,개
2024-04,맛김(조미김),동원에프앤비 양반 들기름김 5g×20봉,8882.299,상품,1,묶음
2024-04,콩나물,풀무원 국산콩 콩나물 340g,2176.652,상품,1,봉
2024-05,쌀,20kg,53945.202,상품,20,kg
2024-05,쌀,10kg,28031.802,상품,10,kg
2024-05,찹쌀,일반계,3736.217,상품,1,kg
2024-05,콩,흰 콩(국산),5352.585,상품,500,g
2024-05,팥,붉은 팥(국산),9271.789,상품,500,g
2024-05,녹두,국산,11917.144,상품,500,g
2024-05,고구마,밤,5680.975,상품,1,kg
2024-05,고구마,밤,4655.342,중품,1,kg
2024-05,감자,수미(노지),414.417,상품,100,g
2024-05,감자,수미(노지),480.5,중품,100,g
2024-05,감자,수미(시설),543.313,상품,100,g
2024-05,감자,수미(시설),436.275,중품,100,g
2024-05,배추,봄,3813.656,상품,1,포기
2024-05,양배추,양배추,6290.3,상품,1,포기
2024-05,양배추,양배추,4607.797,중품,1,포기
2024-05,시금치,시금치,689.735,상품,100,g
2024-05,상추,적,837.715,상품,100,g
2024-05,상추,적,582.483,중품,100,g
2024-05,상추,청,984.153,상품,100,g
2024-05,얼갈이배추,얼갈이배추,2767.725,상품,1,kg
2024-05,수박,수박,23870.632,상품,1,개
2024-05,수박,수박,20675.136,중품,1,개
2024-05,참외,참외,22938.976,상품,10,개
2024-05,참외,참외,17993.343,중품,10,개
2024-05,오이,가시계통,9324.675,상품,10,개
2024-05,오이,다다기계통,7326.432,상품,10,개
2024-05,오이,다다기계통,5578.156,중품,10,개
2024-05,오이,취청,11579.674,상품,10,개
2024-05,호박,애호박,1319.337,상품,1,개
2024-05,호박,애호박,1045.456,중품,1,개
2024-05,호박,쥬키니,1357.344,상품,1,개
2024-05,토마토,토마토,5677.499,상품,1,kg
2024-05,딸기,딸기,1242.544,상품,100,g
2024-05,딸기,딸기,918.722,중품,100,g
2024-05,무,봄,1933.067,상품,1,개
2024-05,무,봄,2027.308,중품,1,개
2024-05,무,월동,2186.711,상품,1,개
2024-05,무,월동,1696.942,중품,1,개
2024-05,당근,무세척,4761.21,상품,1,kg
2024-05,당근,무세척,4045.582,중품,1,kg
2024-05,열무,열무,2911.454,상품,1,kg
2024-05,건고추,화건,18736.333,상품,600,g
2024-05,풋고추,풋고추(녹광 등),1445.615,상품,100,g
2024-05,풋고추,꽈리고추,1479.781,상품,100,g
2024-05,풋고추,꽈리고추,957.796,중품,100,g
2024-05,풋고추,청양고추,1099.779,상품,100,g
2024-05,풋고추,청양고추,748.485,중품,100,g
2024-05,풋고추,오이맛고추,1093.503,상품,100,g
2024-05,붉은고추,붉은고추,2664.837,상품,100,g
2024-05,양파,양파,2156.006,상품,1,kg
2024-05,양파,양파,1646.67,중품,1,kg
2024-05,파,대파,2780.094,상품,1,kg
2024-05,파,대파,2228.872,중품,1,kg
2024-05,파,쪽파,8203.329,상품,1,kg
2024-05,파,쪽파,5421.465,중품,1,kg
2024-05,생강,국산,16066.437,상품,1,kg
2024-05,고춧가루,국산,33751.038,상품,1,kg
2024-05,고춧가루,중국,13356.727,상품,1,kg
2024-05,미나리,미나리,1351.5,상품,100,g
2024-05,깻잎,깻잎,2269.481,상품,100,g
2024-05,피망,청,1100.064,상품,100,g
2024-05,파프리카,파프리카,1472.94,상품,200,g
2024-05,파프리카,파프리카,1274.158,중품,200,g
2024-05,멜론,멜론,15898.96,상품,1,개
2024-05,깐마늘(국산),깐마늘(국산),9245.915,상품,1,kg
2024-05,깐마늘(국산),깐마늘(국산),7613.269,중품,1,kg
2024-05,알배기배추,알배기배추,3018.955,상품,1,포기
2024-05,알배기배추,알배기배추,1985.729,중품,1,포기
2024-05,브로콜리,브로콜리(국산),2740.468,상품,1,개
2024-05,브로콜리,브로콜리(국산),1564.563,중품,1,개
2024-05,참깨,백색(국산),16591.953,상품,500,g
2024-05,참깨,중국,5048.1,중품,500,g
2024-05,땅콩,국산,3599.832,상품,100,g
2024-05,땅콩,수입,1073.391,중품,100,g
2024-05,느타리버섯,느타리버섯,974.729,상품,100,g
2024-05,느타리버섯,애느타리버섯,587.931,상품,100,g
2024-05,팽이버섯,팽이버섯,555.67,상품,150,g
2024-05,새송이버섯,새송이버섯,614.482,상품,100,g
2024-05,새송이버섯,새송이버섯,466.275,중품,100,g
2024-05,호두,수입,1650.427,중품,100,g
2024-05,아몬드,수입,1516.196,중품,100,g
2024-05,사과,후지,30453.503,상품,10,개
2024-05,사과,후지,24502.823,중품,10,개
2024-05,배,신고,52761.416,상품,10,개
2024-05,배,신고,37902.07,중품,10,개
2024-05,바나나,수입,255.526,상품,100,g
2024-05,바나나,수입,237.415,중품,100,g
2024-05,파인애플,수입,6738.123,상품,1,개
2024-05,파인애플,수입,6403.583,중품,1,개
2024-05,오렌지,네이블 미국,15065.239,상품,10,개
2024-05,오렌지,네이블 미국,12466.071,중품,10,개
2024-05,방울토마토,방울토마토,10909.46,상품,1,kg
2024-05,방울토마토,대추방울토마토,8744.427,상품,1,kg
2024-05,레몬,수입,10829.361,상품,10,개
2024-05,레몬,수입,8811.224,중품,10,개
2024-05,체리,수입,2527.902,상품,100,g
2024-05,체리,수입,2134.736,중품,100,g
2024-05,망고,수입,3910.057,상품,1,개
2024-05,망고,수입,2868.81,중품,1,개
2024-05,아보카도,수입,2144.34,상품,1,개
2024-05,고등어,국산(염장),4460.697,중품,2,마리
2024-05,고등어,국산(신선 냉장),4441.113,大,1,마리
2024-05,고등어,국산(신선 냉장),2892.016,中,1,마리
2024-05,고등어,국산(냉동),3666.682,大,1,마리
2024-05,고등어,수입산(염장),6539.18,大,2,마리
2024-05,꽁치,냉동(수입),6600.703,중품,5,마리
2024-05,갈치,국산(냉장),18358.319,大,1,마리
2024-05,갈치,국산(냉장),9046.714,中,1,마리
2024-05,갈치,국산(냉동),9657.641,大,1,마리
2024-05,갈치,국산(냉동),3770.789,中,1,마리
2024-05,조기,참조기(냉동),1458.889,中,1,마리
2024-05,조기,참조기(냉동),1033.556,小,1,마리
2024-05,조기,굴비,2687.953,中,1,마리
2024-05,명태,냉동(원양수입통합),3751.672,大,1,마리
2024-05,명태,냉동(원양수입통합),2685,中,1,마리
2024-05,명태,냉동가공,9539.504,中,1,kg
2024-05,물오징어,연근해(신선 냉장),5211.447,小,1,마리
2024-05,물오징어,연근해(냉동),5752.498,中,1,마리
2024-05,물오징어,원양(냉동),4317.653,中,1,마리
2024-05,물오징어,원양(냉동),2763.252,小,1,마리
2024-05,건멸치,건멸치,2293.456,대멸,100,g
2024-05,건멸치,건멸치,2863.818,중멸,100,g
2024-05,건멸치,건멸치,3175.067,세멸,100,g
2024-05,건오징어,건오징어,69939.205,중품,10,마리
2024-05,김,마른김,1245.033,중품,10,장
2024-05,김,얼구운김,1983.099,중품,10,장
2024-05,건미역,건미역,3090.204,상품,100,g
2024-05,굴,굴,18361.042,상품,1,kg
2024-05,수입조기,부세수입(냉동),3866.651,중품,1,마리
2024-05,새우젓,새우젓,15101.096,상품,1,kg
2024-05,멸치액젓,멸치액젓,5339.038,상품,1,kg
2024-05,굵은소금,굵은소금,11065.721,상품,5,kg
2024-05,전복,전복,12372.957,중품,5,마리
2024-05,새우,흰다리(수입),4652.919,중품,10,마리
2024-05,홍합,깐홍합(냉장),11316.923,상품,100,g
2024-05,홍합,안깐홍합(냉장),3309.478,상품,1,kg
2024-05,가리비,해만가리비(홍가리비),11703.78,상품,1,kg
2024-05,건다시마,완도산,3947.787,상품,100,g
2024-05,즉석밥,CJ 햇반 백미밥 210g×8개,9419.973,상품,1,묶음
2024-05,두부,풀무원 국산콩 300g×2,5308.961,상품,1,개
2024-05,김치,대상 종가집 포기김치 3.3kg,32954.544,상품,1,개
2024-05,고추장,해찬들 우리쌀로만든 태양초고추장 1kg,14710.408,상품,1,개
2024-05,된장,청정원 재래식 생된장 1kg,7603.25,상품,1,개
2024-05,간장,샘표 양조간장 501 1.7L,12301.681,상품,1,개
2024-05,맛김(조미김),동원에프앤비 양반 들기름김 5g×20봉,9149.411,상품,1,묶음
2024-05,콩나물,풀무원 국산콩 콩나물 340g,2464.084,상품,1,봉
2024-06,쌀,20kg,53763.229,상품,20,kg
2024-06,쌀,10kg,28447.347,상품,10,kg
2024-06,찹쌀,일반계,3857.155,상품,1,kg
2024-06,콩,흰 콩(국산),5319.451,상품,500,g
2024-06,팥,붉은 팥(국산),9885.932,상품,500,g
2024-06,녹두,국산,11933,상품,500,g
2024-06,고구마,밤,5883.498,상품,1,kg
2024-06,고구마,밤,4885.615,중품,1,kg
2024-06,감자,수미(노지),356.831,상품,100,g
2024-06,감자,수미(노지),276.006,중품,100,g
2024-06,감자,수미(시설),453.317,상품,100,g
2024-06,감자,수미(시설),381.136,중품,100,g
2024-06,배추,봄,3560.492,상품,1,포기
2024-06,배추,봄,3231.736,중품,1,포기
2024-06,양배추,양배추,4938.369,상품,1,포기
2024-06,양배추,양배추,3682.908,중품,1,포기
2024-06,시금치,시금치,804.525,상품,100,g
2024-06,상추,적,905.696,상품,100,g
2024-06,상추,적,559.895,중품,100,g
2024-06,상추,청,1029.311,상품,100,g
2024-06,얼갈이배추,얼갈이배추,2472.507,상품,1,kg
2024-06,수박,수박,21330.385,상품,1,개
2024-06,수박,수박,18455.676,중품,1,개
2024-06,참외,참외,17853.507,상품,10,개
2024-06,참외,참외,14096.219,중품,10,개
2024-06,오이,가시계통,7937.5,상품,10,개
2024-06,오이,다다기계통,6229.807,상품,10,개
2024-06,오이,다다기계통,4562.307,중품,10,개
2024-06,오이,취청,8896.371,상품,10,개
2024-06,호박,애호박,1084.557,상품,1,개
2024-06,호박,애호박,815.362,중품,1,개
2024-06,호박,쥬키니,1136.658,상품,1,개
2024-06,토마토,토마토,4424.567,상품,1,kg
2024-06,무,봄,2096.695,상품,1,개
2024-06,무,봄,1878.574,중품,1,개
2024-06,당근,무세척,5674.332,상품,1,kg
2024-06,당근,무세척,4012.29,중품,1,kg
2024-06,열무,열무,2483.88,상품,1,kg
2024-06,건고추,화건,18734.035,상품,600,g
2024-06,풋고추,풋고추(녹광 등),1310.282,상품,100,g
2024-06,풋고추,꽈리고추,1302.288,상품,100,g
2024-06,풋고추,꽈리고추,794.87,중품,100,g
2024-06,풋고추,청양고추,1041.429,상품,100,g
2024-06,풋고추,청양고추,644.584,중품,100,g
2024-06,풋고추,오이맛고추,936.44,상품,100,g
2024-06,붉은고추,붉은고추,2118.501,상품,100,g
2024-06,양파,양파,2178.197,상품,1,kg
2024-06,양파,양파,1763.71,중품,1,kg
2024-06,파,대파,2711.592,상품,1,kg
2024-06,파,대파,2117.199,중품,1,kg
2024-06,파,쪽파,9508.02,상품,1,kg
2024-06,파,쪽파,5885.703,중품,1,kg
2024-06,생강,국산,15920.395,상품,1,kg
2024-06,고춧가루,국산,35594.917,상품,1,kg
2024-06,고춧가루,중국,13396.651,상품,1,kg
2024-06,미나리,미나리,1298.547,상품,100,g
2024-06,깻잎,깻잎,2149.088,상품,100,g
2024-06,깻잎,깻잎,1096.563,중품,100,g
2024-06,피망,청,1013.045,상품,100,g
2024-06,파프리카,파프리카,1365.396,상품,200,g
2024-06,파프리카,파프리카,1038.923,중품,200,g
2024-06,멜론,멜론,11027.05,상품,1,개
2024-06,멜론,멜론,7615,중품,1,개
2024-06,깐마늘(국산),깐마늘(국산),10291.453,상품,1,kg
2024-06,깐마늘(국산),깐마늘(국산),7589.069,중품,1,kg
2024-06,알배기배추,알배기배추,2289.114,상품,1,포기
2024-06,알배기배추,알배기배추,1524.579,중품,1,포기
2024-06,브로콜리,브로콜리(국산),1924.469,상품,1,개
2024-06,브로콜리,브로콜리(국산),1831.647,중품,1,개
2024-06,참깨,백색(국산),16708.864,상품,500,g
2024-06,참깨,중국,5154.395,중품,500,g
2024-06,땅콩,국산,3705.469,상품,100,g
2024-06,땅콩,수입,1098.734,중품,100,g
2024-06,느타리버섯,느타리버섯,1001.569,상품,100,g
2024-06,느타리버섯,애느타리버섯,563.962,상품,100,g
2024-06,팽이버섯,팽이버섯,553.739,상품,150,g
2024-06,새송이버섯,새송이버섯,586.091,상품,100,g
2024-06,새송이버섯,새송이버섯,474.806,중품,100,g
2024-06,호두,수입,1534.987,중품,100,g
2024-06,아몬드,수입,1511.15,중품,100,g
2024-06,사과,후지,33546.05,상품,10,개
2024-06,사과,후지,24829.768,중품,10,개
2024-06,배,신고,64025.977,상품,10,개
2024-06,배,신고,48535.874,중품,10,개
2024-06,바나나,수입,275.461,상품,100,g
2024-06,바나나,수입,240.925,중품,100,g
2024-06,참다래,그린 뉴질랜드,10271.309,상품,10,개
2024-06,참다래,그린 뉴질랜드,9145.091,중품,10,개
2024-06,파인애플,수입,7205.751,상품,1,개
2024-06,파인애플,수입,6629.502,중품,1,개
2024-06,오렌지,네이블 미국,17710.409,상품,10,개
2024-06,오렌지,네이블 미국,13050.646,중품,10,개
2024-06,방울토마토,방울토마토,8830.564,상품,1,kg
2024-06,방울토마토,대추방울토마토,7067.951,상품,1,kg
2024-06,레몬,수입,12221.501,상품,10,개
2024-06,레몬,수입,10547.883,중품,10,개
2024-06,체리,수입,2169.498,상품,100,g
2024-06,체리,수입,1917.392,중품,100,g
2024-06,망고,수입,4331.319,상품,1,개
2024-06,망고,수입,3221.357,중품,1,개
2024-06,아보카도,수입,2100.767,상품,1,개
2024-06,고등어,국산(염장),4613.594,중품,2,마리
2024-06,고등어,국산(신선 냉장),3723.99,大,1,마리
2024-06,고등어,국산(신선 냉장),2678.99,中,1,마리
2024-06,고등어,국산(냉동),4128.247,大,1,마리
2024-06,고등어,수입산(염장),6637.826,大,2,마리
2024-06,꽁치,냉동(수입),6779.381,중품,5,마리
2024-06,갈치,국산(냉장),17825.303,大,1,마리
2024-06,갈치,국산(냉장),8223.906,中,1,마리
2024-06,갈치,국산(냉장),3218.548,小,1,마리
2024-06,갈치,국산(냉동),10210.236,大,1,마리
2024-06,갈치,국산(냉동),4373.949,中,1,마리
2024-06,갈치,국산(냉동),3338.673,小,1,마리
2024-06,조기,참조기(냉동),1674.019,中,1,마리
2024-06,조기,참조기(냉동),1109.328,小,1,마리
2024-06,조기,굴비,2763.37,中,1,마리
2024-06,명태,냉동(원양수입통합),3890.057,大,1,마리
2024-06,명태,냉동가공,9150.887,中,1,kg
2024-06,물오징어,연근해(신선 냉장),4571.883,小,1,마리
2024-06,물오징어,연근해(냉동),5766.129,中,1,마리
2024-06,물오징어,원양(냉동),4255.797,中,1,마리
2024-06,물오징어,원양(냉동),2926.871,小,1,마리
2024-06,건멸치,건멸치,2249.093,대멸,100,g
2024-06,건멸치,건멸치,2867.771,중멸,100,g
2024-06,건멸치,건멸치,3088.213,세멸,100,g
2024-06,건오징어,건오징어,72445.533,중품,10,마리
2024-06,김,마른김,1285.211,중품,10,장
2024-06,김,얼구운김,1872.828,중품,10,장
2024-06,건미역,건미역,3107.472,상품,100,g
2024-06,수입조기,부세수입(냉동),3817.162,중품,1,마리
2024-06,새우젓,새우젓,15073.875,상품,1,kg
2024-06,멸치액젓,멸치액젓,5331.744,상품,1,kg
2024-06,굵은소금,굵은소금,11212.004,상품,5,kg
2024-06,전복,전복,12329.759,중품,5,마리
2024-06,새우,흰다리(수입),4806.383,중품,10,마리
2024-06,홍합,깐홍합(냉장),2734.615,상품,100,g
2024-06,홍합,안깐홍합(냉장),3569.875,상품,1,kg
2024-06,건다시마,완도산,3736.095,상품,100,g
2024-06,즉석밥,CJ 햇반 백미밥 210g×8개,10127.681,상품,1,묶음
2024-06,두부,풀무원 국산콩 300g×2,5268.069,상품,1,개
2024-06,김치,대상 종가집 포기김치 3.3kg,32775.349,상품,1,개
2024-06,고추장,해찬들 우리쌀로만든 태양초고추장 1kg,15297.013,상품,1,개
2024-06,된장,청정원 재래식 생된장 1kg,7533.386,상품,1,개
2024-06,간장,샘표 양조간장 501 1.7L,12991.964,상품,1,개
2024-06,맛김(조미김),동원에프앤비 양반 들기름김 5g×20봉,9510.417,상품,1,묶음
2024-06,콩나물,풀무원 국산콩 콩나물 340g,2424.517,상품,1,봉
2024-07,쌀,20kg,53078.087,상품,20,kg
2024-07,쌀,10kg,28139.652,상품,10,kg
2024-07,찹쌀,일반계,3867.109,상품,1,kg
2024-07,콩,흰 콩(국산),5336.614,상품,500,g
2024-07,팥,붉은 팥(국산),10216.452,상품,500,g
2024-07,녹두,국산,11424.159,상품,500,g
2024-07,고구마,밤,5859.443,상품,1,kg
2024-07,고구마,밤,4932.365,중품,1,kg
2024-07,감자,수미(노지),313.822,상품,100,g
2024-07,감자,수미(노지),267.841,중품,100,g
2024-07,배추,봄,4623.292,상품,1,포기
2024-07,배추,봄,3229.242,중품,1,포기
2024-07,배추,여름(고랭지),5439.872,상품,1,포기
2024-07,양배추,양배추,3764.851,상품,1,포기
2024-07,양배추,양배추,3119.232,중품,1,포기
2024-07,시금치,시금치,1480.944,상품,100,g
2024-07,상추,적,1678.448,상품,100,g
2024-07,상추,적,738,중품,100,g
2024-07,상추,청,1955.323,상품,100,g
2024-07,얼갈이배추,얼갈이배추,3649.461,상품,1,kg
2024-07,수박,수박,22300.283,상품,1,개
2024-07,수박,수박,20068.493,중품,1,개
2024-07,참외,참외,14363.445,상품,10,개
2024-07,참외,참외,11921.458,중품,10,개
2024-07,오이,가시계통,12206.057,상품,10,개
2024-07,오이,다다기계통,10938.103,상품,10,개
2024-07,오이,다다기계통,6581.019,중품,10,개
2024-07,오이,취청,12931.584,상품,10,개
2024-07,호박,애호박,1424.491,상품,1,개
2024-07,호박,애호박,954.089,중품,1,개
2024-07,호박,쥬키니,1410.399,상품,1,개
2024-07,토마토,토마토,4418.525,상품,1,kg
2024-07,무,봄,2495.245,상품,1,개
2024-07,무,봄,2030.729,중품,1,개
2024-07,무,고랭지,2943.404,상품,1,개
2024-07,무,고랭지,2238,중품,1,개
2024-07,당근,무세척,6095.765,상품,1,kg
2024-07,당근,무세척,4068.235,중품,1,kg
2024-07,열무,열무,3775.076,상품,1,kg
2024-07,건고추,화건,18733.333,상품,600,g
2024-07,풋고추,풋고추(녹광 등),1646.136,상품,100,g
2024-07,풋고추,꽈리고추,1540.204,상품,100,g
2024-07,풋고추,꽈리고추,932.188,중품,100,g
2024-07,풋고추,청양고추,1308.371,상품,100,g
2024-07,풋고추,청양고추,727.399,중품,100,g
2024-07,풋고추,오이맛고추,1177.175,상품,100,g
2024-07,붉은고추,붉은고추,1874.647,상품,100,g
2024-07,양파,양파,1956.101,상품,1,kg
2024-07,양파,양파,1678.462,중품,1,kg
2024-07,파,대파,2914.765,상품,1,kg
2024-07,파,대파,2085.966,중품,1,kg
2024-07,파,쪽파,11000.289,상품,1,kg
2024-07,파,쪽파,7667.708,중품,1,kg
2024-07,생강,국산,16100.363,상품,1,kg
2024-07,고춧가루,국산,35697.913,상품,1,kg
2024-07,고춧가루,중국,13424.111,상품,1,kg
2024-07,미나리,미나리,1467.702,상품,100,g
2024-07,깻잎,깻잎,2318.648,상품,100,g
2024-07,깻잎,깻잎,1182.011,중품,100,g
2024-07,피망,청,1045.157,상품,100,g
2024-07,파프리카,파프리카,1267.009,상품,200,g
2024-07,파프리카,파프리카,872.188,중품,200,g
2024-07,멜론,멜론,8547.446,상품,1,개
2024-07,깐마늘(국산),깐마늘(국산),10010.039,상품,1,kg
2024-07,깐마늘(국산),깐마늘(국산),7551.71,중품,1,kg
2024-07,알배기배추,알배기배추,3068.301,상품,1,포기
2024-07,알배기배추,알배기배추,2092.618,중품,1,포기
2024-07,브로콜리,브로콜리(국산),2135.728,상품,1,개
2024-07,브로콜리,브로콜리(국산),1907.674,중품,1,개
2024-07,참깨,백색(국산),16845.538,상품,500,g
2024-07,참깨,중국,5212.527,중품,500,g
2024-07,땅콩,국산,3700.456,상품,100,g
2024-07,땅콩,수입,1116.713,중품,100,g
2024-07,느타리버섯,느타리버섯,960.101,상품,100,g
2024-07,느타리버섯,애느타리버섯,582.692,상품,100,g
2024-07,팽이버섯,팽이버섯,528.857,상품,150,g
2024-07,새송이버섯,새송이버섯,549.826,상품,100,g
2024-07,새송이버섯,새송이버섯,477.602,중품,100,g
2024-07,호두,수입,1533.045,중품,100,g
2024-07,아몬드,수입,1562.117,중품,100,g
2024-07,사과,후지,31655.076,상품,10,개
2024-07,사과,후지,23427.846,중품,10,개
2024-07,사과,쓰가루(아오리),24449.565,상품,10,개
2024-07,사과,쓰가루(아오리),16787.453,중품,10,개
2024-07,배,신고,79559.284,상품,10,개
2024-07,배,신고,54461.812,중품,10,개
2024-07,복숭아,백도,18993.221,상품,10,개
2024-07,복숭아,백도,15801.85,중품,10,개
2024-07,포도,캠벨얼리,14058.06,L과,1,kg
2024-07,포도,캠벨얼리,12907.861,M과,1,kg
2024-07,포도,샤인머스켓,38781.307,L과,2,kg
2024-07,포도,샤인머스켓,20466.667,M과,2,kg
2024-07,감귤,시설,9018.541,M과,10,개
2024-07,감귤,시설,6876.179,S과,10,개
2024-07,바나나,수입,277.468,상품,100,g
2024-07,바나나,수입,235.405,중품,100,g
2024-07,참다래,그린 뉴질랜드,10068.059,상품,10,개
2024-07,참다래,그린 뉴질랜드,9060.621,중품,10,개
2024-07,파인애플,수입,7133.241,상품,1,개
2024-07,파인애플,수입,5796.908,중품,1,개
2024-07,오렌지,네이블 미국,18080.556,상품,10,개
2024-07,오렌지,네이블 미국,12605.232,중품,10,개
2024-07,오렌지,네이블 EU,12757.357,중품,10,개
2024-07,오렌지,네이블 호주,13790.278,상품,10,개
2024-07,오렌지,네이블 호주,13899.939,중품,10,개
2024-07,방울토마토,방울토마토,8514.303,상품,1,kg
2024-07,방울토마토,대추방울토마토,6859.878,상품,1,kg
2024-07,레몬,수입,11924.997,상품,10,개
2024-07,레몬,수입,10138.837,중품,10,개
2024-07,체리,수입,2130.36,상품,100,g
2024-07,체리,수입,1642.839,중품,100,g
2024-07,망고,수입,4881.529,상품,1,개
2024-07,망고,수입,3263.838,중품,1,개
2024-07,아보카도,수입,2043.923,상품,1,개
2024-07,고등어,국산(염장),4783.077,중품,2,마리
2024-07,고등어,국산(신선 냉장),3623.68,大,1,마리
2024-07,고등어,국산(신선 냉장),2654.496,中,1,마리
2024-07,고등어,국산(냉동),4030.255,大,1,마리
2024-07,고등어,수입산(염장),6910.705,大,2,마리
2024-07,꽁치,냉동(수입),7012.265,중품,5,마리
2024-07,갈치,국산(냉장),16566.037,大,1,마리
2024-07,갈치,국산(냉장),7379.1,中,1,마리
2024-07,갈치,국산(냉장),3570.505,小,1,마리
2024-07,갈치,국산(냉동),10144.176,大,1,마리
2024-07,갈치,국산(냉동),4100.453,中,1,마리
2024-07,조기,참조기(냉동),1646.636,中,1,마리
2024-07,조기,참조기(냉동),1145.475,小,1,마리
2024-07,조기,굴비,2904.094,中,1,마리
2024-07,명태,냉동(원양수입통합),4186.743,大,1,마리
2024-07,명태,냉동(원양수입통합),2471.706,中,1,마리
2024-07,명태,냉동가공,9535.382,中,1,kg
2024-07,물오징어,연근해(신선 냉장),4588.451,小,1,마리
2024-07,물오징어,연근해(냉동),5674.763,中,1,마리
2024-07,물오징어,원양(냉동),4144.65,中,1,마리
2024-07,물오징어,원양(냉동),2983.582,小,1,마리
2024-07,건멸치,건멸치,2295.874,대멸,100,g
2024-07,건멸치,건멸치,2887.417,중멸,100,g
2024-07,건멸치,건멸치,3160.392,세멸,100,g
2024-07,건오징어,건오징어,77821.426,중품,10,마리
2024-07,김,마른김,1327.198,중품,10,장
2024-07,김,얼구운김,1886.786,중품,10,장
2024-07,건미역,건미역,3123.964,상품,100,g
2024-07,수입조기,부세수입(냉동),3836.173,중품,1,마리
2024-07,새우젓,새우젓,15137.714,상품,1,kg
2024-07,멸치액젓,멸치액젓,5335.831,상품,1,kg
2024-07,굵은소금,굵은소금,10942.014,상품,5,kg
2024-07,전복,전복,11259.276,중품,5,마리
2024-07,새우,흰다리(수입),4932.007,중품,10,마리
2024-07,홍합,깐홍합(냉장),2645.877,상품,100,g
2024-07,홍합,안깐홍합(냉장),3772.541,상품,1,kg
2024-07,건다시마,완도산,3726.852,상품,100,g
2024-07,즉석밥,CJ 햇반 백미밥 210g×8개,9365.115,상품,1,묶음
2024-07,두부,풀무원 국산콩 300g×2,5258.12,상품,1,개
2024-07,김치,대상 종가집 포기김치 3.3kg,32868.775,상품,1,개
2024-07,고추장,해찬들 우리쌀로만든 태양초고추장 1kg,16819.635,상품,1,개
2024-07,된장,청정원 재래식 생된장 1kg,6840.299,상품,1,개
2024-07,간장,샘표 양조간장 501 1.7L,13111.304,상품,1,개
2024-07,맛김(조미김),동원에프앤비 양반 들기름김 5g×20봉,9819.58,상품,1,묶음
2024-07,콩나물,풀무원 국산콩 콩나물 340g,2359.236,상품,1,봉
2024-08,쌀,20kg,51776.381,상품,20,kg
2024-08,쌀,10kg,27070.667,상품,10,kg
2024-08,찹쌀,일반계,3958.738,상품,1,kg
2024-08,콩,흰 콩(국산),5219.058,상품,500,g
2024-08,팥,붉은 팥(국산),10416.181,상품,500,g
2024-08,녹두,국산,11607.992,상품,500,g
2024-08,고구마,밤,5626.111,상품,1,kg
2024-08,고구마,밤,4878.249,중품,1,kg
2024-08,감자,수미(노지),310.933,상품,100,g
2024-08,감자,수미(노지),232.682,중품,100,g
2024-08,배추,여름(고랭지),6396.883,상품,1,포기
2024-08,배추,여름(고랭지),5980.4,중품,1,포기
2024-08,양배추,양배추,4205.875,상품,1,포기
2024-08,양배추,양배추,3474.541,중품,1,포기
2024-08,시금치,시금치,2756.077,상품,100,g
2024-08,상추,적,2121.468,상품,100,g
2024-08,상추,청,2447.772,상품,100,g
2024-08,얼갈이배추,얼갈이배추,4685.428,상품,1,kg
2024-08,수박,수박,30243.347,상품,1,개
2024-08,수박,수박,26472.709,중품,1,개
2024-08,참외,참외,21119.05,상품,10,개
2024-08,참외,참외,16216.563,중품,10,개
2024-08,오이,가시계통,14315.542,상품,10,개
2024-08,오이,다다기계통,13340.741,상품,10,개
2024-08,오이,다다기계통,7842.585,중품,10,개
2024-08,오이,취청,14265.534,상품,10,개
2024-08,호박,애호박,1855.657,상품,1,개
2024-08,호박,애호박,1230.794,중품,1,개
2024-08,호박,쥬키니,2044.846,상품,1,개
2024-08,토마토,토마토,5401.121,상품,1,kg
2024-08,무,고랭지,3377.976,상품,1,개
2024-08,무,고랭지,2481.929,중품,1,개
2024-08,당근,무세척,6361.41,상품,1,kg
2024-08,당근,무세척,4816.322,중품,1,kg
2024-08,열무,열무,4685.219,상품,1,kg
2024-08,건고추,화건,18764.269,상품,600,g
2024-08,건고추,햇산화건,18876.391,상품,600,g
2024-08,풋고추,풋고추(녹광 등),1879.07,상품,100,g
2024-08,풋고추,꽈리고추,1711.962,상품,100,g
2024-08,풋고추,꽈리고추,950.159,중품,100,g
2024-08,풋고추,청양고추,1478.402,상품,100,g
2024-08,풋고추,청양고추,790.043,중품,100,g
2024-08,풋고추,오이맛고추,1393.993,상품,100,g
2024-08,붉은고추,붉은고추,1855.298,상품,100,g
2024-08,양파,양파,1961.759,상품,1,kg
2024-08,양파,양파,1649.021,중품,1,kg
2024-08,파,대파,2940.075,상품,1,kg
2024-08,파,대파,2122.534,중품,1,kg
2024-08,파,쪽파,11556.749,상품,1,kg
2024-08,생강,국산,15718.75,상품,1,kg
2024-08,고춧가루,국산,35171.048,상품,1,kg
2024-08,고춧가루,중국,13457.143,상품,1,kg
2024-08,미나리,미나리,1810.758,상품,100,g
2024-08,깻잎,깻잎,2887.971,상품,100,g
2024-08,깻잎,깻잎,1290,중품,100,g
2024-08,피망,청,1004.184,상품,100,g
2024-08,파프리카,파프리카,1798.166,상품,200,g
2024-08,파프리카,파프리카,1283.883,중품,200,g
2024-08,멜론,멜론,9309.07,상품,1,개
2024-08,멜론,멜론,8459.225,중품,1,개
2024-08,깐마늘(국산),깐마늘(국산),10028.599,상품,1,kg
2024-08,깐마늘(국산),깐마늘(국산),7868.241,중품,1,kg
2024-08,알배기배추,알배기배추,4394.776,상품,1,포기
2024-08,알배기배추,알배기배추,2569.791,중품,1,포기
2024-08,브로콜리,브로콜리(국산),2870.35,상품,1,개
2024-08,브로콜리,브로콜리(국산),2206.25,중품,1,개
2024-08,참깨,백색(국산),17127.82,상품,500,g
2024-08,참깨,중국,5213.75,중품,500,g
2024-08,땅콩,국산,3692.613,상품,100,g
2024-08,땅콩,수입,1109.849,중품,100,g
2024-08,느타리버섯,느타리버섯,1011.29,상품,100,g
2024-08,느타리버섯,애느타리버섯,575.351,상품,100,g
2024-08,팽이버섯,팽이버섯,532.674,상품,150,g
2024-08,새송이버섯,새송이버섯,571.676,상품,100,g
2024-08,새송이버섯,새송이버섯,462.544,중품,100,g
2024-08,호두,수입,1616.607,중품,100,g
2024-08,아몬드,수입,1578.295,중품,100,g
2024-08,사과,후지,30024.891,상품,10,개
2024-08,사과,후지,21717.058,중품,10,개
2024-08,사과,쓰가루(아오리),21623.615,상품,10,개
2024-08,사과,쓰가루(아오리),15269.845,중품,10,개
2024-08,사과,홍로,28223.439,상품,10,개
2024-08,사과,홍로,20812.064,중품,10,개
2024-08,배,신고,74549.569,상품,10,개
2024-08,배,신고,51568.333,중품,10,개
2024-08,배,원황,37335.831,상품,10,개
2024-08,배,원황,26117.55,중품,10,개
2024-08,복숭아,백도,19408.287,상품,10,개
2024-08,복숭아,백도,15583.632,중품,10,개
2024-08,포도,캠벨얼리,11838.256,L과,1,kg
2024-08,포도,캠벨얼리,10896.758,M과,1,kg
2024-08,포도,거봉,25570.287,L과,2,kg
2024-08,포도,샤인머스켓,28019.197,L과,2,kg
2024-08,포도,샤인머스켓,18462.103,M과,2,kg
2024-08,감귤,시설,9348.827,M과,10,개
2024-08,감귤,시설,7126.441,S과,10,개
2024-08,바나나,수입,289.138,상품,100,g
2024-08,바나나,수입,231.55,중품,100,g
2024-08,참다래,그린 뉴질랜드,9778.324,상품,10,개
2024-08,참다래,그린 뉴질랜드,8906.769,중품,10,개
2024-08,파인애플,수입,7040.639,상품,1,개
2024-08,파인애플,수입,6260.101,중품,1,개
2024-08,오렌지,네이블 호주,14504.629,상품,10,개
2024-08,오렌지,네이블 호주,12201.935,중품,10,개
2024-08,방울토마토,방울토마토,9418.737,상품,1,kg
2024-08,방울토마토,대추방울토마토,8614.793,상품,1,kg
2024-08,레몬,수입,10732.618,상품,10,개
2024-08,레몬,수입,8253.113,중품,10,개
2024-08,체리,수입,2253.415,상품,100,g
2024-08,체리,수입,1681.197,중품,100,g
2024-08,망고,수입,7017.566,상품,1,개
2024-08,아보카도,수입,1797.902,상품,1,개
2024-08,고등어,국산(염장),4819.861,중품,2,마리
2024-08,고등어,국산(신선 냉장),3861.66,大,1,마리
2024-08,고등어,국산(신선 냉장),2772.453,中,1,마리
2024-08,고등어,국산(냉동),3919.378,大,1,마리
2024-08,고등어,수입산(염장),6942.497,大,2,마리
2024-08,꽁치,냉동(수입),7053.344,중품,5,마리
2024-08,갈치,국산(냉장),15178.713,大,1,마리
2024-08,갈치,국산(냉장),6621.801,中,1,마리
2024-08,갈치,국산(냉장),3418.239,小,1,마리
2024-08,갈치,국산(냉동),9907.995,大,1,마리
2024-08,갈치,국산(냉동),4337.884,中,1,마리
2024-08,조기,참조기(냉동),1753.152,中,1,마리
2024-08,조기,참조기(냉동),1212.155,小,1,마리
2024-08,조기,굴비,3060.692,中,1,마리
2024-08,명태,냉동(원양수입통합),4168.375,大,1,마리
2024-08,명태,냉동(원양수입통합),2475.009,中,1,마리
2024-08,명태,냉동가공,9424.751,中,1,kg
2024-08,물오징어,연근해(신선 냉장),4792.576,中,1,마리
2024-08,물오징어,연근해(신선 냉장),4389.22,小,1,마리
2024-08,물오징어,연근해(냉동),5405.869,中,1,마리
2024-08,물오징어,원양(냉동),4462.055,中,1,마리
2024-08,물오징어,원양(냉동),2971.047,小,1,마리
2024-08,건멸치,건멸치,2324.566,대멸,100,g
2024-08,건멸치,건멸치,2898.514,중멸,100,g
2024-08,건멸치,건멸치,3215.593,세멸,100,g
2024-08,건오징어,건오징어,79342.845,중품,10,마리
2024-08,김,마른김,1345.556,중품,10,장
2024-08,김,얼구운김,2010.576,중품,10,장
2024-08,건미역,건미역,3119.15,상품,100,g
2024-08,수입조기,부세수입(냉동),3848.994,중품,1,마리
2024-08,새우젓,새우젓,15263.206,상품,1,kg
2024-08,멸치액젓,멸치액젓,5354.482,상품,1,kg
2024-08,굵은소금,굵은소금,10940.289,상품,5,kg
2024-08,전복,전복,12197.408,중품,5,마리
2024-08,새우,흰다리(수입),4935.859,중품,10,마리
2024-08,홍합,깐홍합(냉장),2662.223,상품,100,g
2024-08,홍합,안깐홍합(냉장),3954.396,상품,1,kg
2024-08,건다시마,완도산,3746.743,상품,100,g
2024-08,즉석밥,CJ 햇반 백미밥 210g×8개,9705.77,상품,1,묶음
2024-08,두부,풀무원 국산콩 300g×2,5239.104,상품,1,개
2024-08,김치,대상 종가집 포기김치 3.3kg,34044.58,상품,1,개
2024-08,고추장,해찬들 우리쌀로만든 태양초고추장 1kg,15315.469,상품,1,개
2024-08,된장,청정원 재래식 생된장 1kg,6926.324,상품,1,개
2024-08,간장,샘표 양조간장 501 1.7L,13768.499,상품,1,개
2024-08,맛김(조미김),동원에프앤비 양반 들기름김 5g×20봉,9845.203,상품,1,묶음
2024-08,콩나물,풀무원 국산콩 콩나물 340g,2439.192,상품,1,봉
2024-09,쌀,20kg,51185.771,상품,20,kg
2024-09,쌀,10kg,27145.403,상품,10,kg
2024-09,쌀,10kg(햅쌀),31385.762,상품,10,kg
2024-09,찹쌀,일반계,3954.589,상품,1,kg
2024-09,콩,흰 콩(국산),5197.991,상품,500,g
2024-09,팥,붉은 팥(국산),10415.767,상품,500,g
2024-09,녹두,국산,11515.654,상품,500,g
2024-09,고구마,밤,5397.007,상품,1,kg
2024-09,고구마,밤,4909.35,중품,1,kg
2024-09,감자,수미(노지),304.893,상품,100,g
2024-09,감자,수미(노지),238.012,중품,100,g
2024-09,배추,여름(고랭지),8172.036,상품,1,포기
2024-09,배추,여름(고랭지),7681.389,중품,1,포기
2024-09,양배추,양배추,4245.722,상품,1,포기
2024-09,양배추,양배추,3644.533,중품,1,포기
2024-09,시금치,시금치,3731.866,상품,100,g
2024-09,상추,적,2138.866,상품,100,g
2024-09,상추,청,2431.319,상품,100,g
2024-09,얼갈이배추,얼갈이배추,5086.859,상품,1,kg
2024-09,수박,수박,28033.577,상품,1,개
2024-09,수박,수박,23594.726,중품,1,개
2024-09,참외,참외,23900.13,상품,10,개
2024-09,참외,참외,18932.941,중품,10,개
2024-09,오이,가시계통,14718.865,상품,10,개
2024-09,오이,다다기계통,14529.679,상품,10,개
2024-09,오이,다다기계통,8489.066,중품,10,개
2024-09,오이,취청,17302.381,상품,10,개
2024-09,호박,애호박,2256.856,상품,1,개
2024-09,호박,애호박,1544.678,중품,1,개
2024-09,호박,쥬키니,2064.316,상품,1,개
2024-09,토마토,토마토,8139.878,상품,1,kg
2024-09,무,고랭지,3796.209,상품,1,개
2024-09,무,고랭지,3246.47,중품,1,개
2024-09,당근,무세척,7578.267,상품,1,kg
2024-09,당근,무세척,5136.923,중품,1,kg
2024-09,열무,열무,5047.653,상품,1,kg
2024-09,건고추,화건,18901.908,상품,600,g
2024-09,풋고추,풋고추(녹광 등),2000.616,상품,100,g
2024-09,풋고추,꽈리고추,2228.16,상품,100,g
2024-09,풋고추,꽈리고추,1215.691,중품,100,g
2024-09,풋고추,청양고추,1696.144,상품,100,g
2024-09,풋고추,청양고추,925.03,중품,100,g
2024-09,풋고추,오이맛고추,1473.273,상품,100,g
2024-09,붉은고추,붉은고추,2059.194,상품,100,g
2024-09,양파,양파,2128.315,상품,1,kg
2024-09,파,대파,3350.454,상품,1,kg
2024-09,파,대파,2275.617,중품,1,kg
2024-09,파,쪽파,13715.626,상품,1,kg
2024-09,생강,국산,15491.305,상품,1,kg
2024-09,고춧가루,국산,34979.98,상품,1,kg
2024-09,고춧가루,중국,13423.99,상품,1,kg
2024-09,미나리,미나리,2141.836,상품,100,g
2024-09,깻잎,깻잎,3436.156,상품,100,g
2024-09,피망,청,1376.086,상품,100,g
2024-09,파프리카,파프리카,2442.518,상품,200,g
2024-09,파프리카,파프리카,1737.924,중품,200,g
2024-09,멜론,멜론,9970.295,상품,1,개
2024-09,깐마늘(국산),깐마늘(국산),9696.147,상품,1,kg
2024-09,깐마늘(국산),깐마늘(국산),7900.728,중품,1,kg
2024-09,알배기배추,알배기배추,5542.226,상품,1,포기
2024-09,알배기배추,알배기배추,3723.686,중품,1,포기
2024-09,브로콜리,브로콜리(국산),3975.912,상품,1,개
2024-09,참깨,백색(국산),17198.245,상품,500,g
2024-09,참깨,중국,5213.75,중품,500,g
2024-09,땅콩,국산,3693.741,상품,100,g
2024-09,땅콩,수입,1114.504,중품,100,g
2024-09,느타리버섯,느타리버섯,1127.675,상품,100,g
2024-09,느타리버섯,애느타리버섯,678.851,상품,100,g
2024-09,팽이버섯,팽이버섯,556.376,상품,150,g
2024-09,새송이버섯,새송이버섯,621.2,상품,100,g
2024-09,새송이버섯,새송이버섯,504.618,중품,100,g
2024-09,호두,수입,1599.807,중품,100,g
2024-09,아몬드,수입,1618.023,중품,100,g
2024-09,사과,홍로,25235.355,상품,10,개
2024-09,사과,홍로,19230.224,중품,10,개
2024-09,배,신고,32366.639,상품,10,개
2024-09,배,신고,26058.984,중품,10,개
2024-09,배,원황,33916.537,상품,10,개
2024-09,배,원황,25178.03,중품,10,개
2024-09,복숭아,백도,24964.407,상품,10,개
2024-09,복숭아,백도,18807.686,중품,10,개
2024-09,포도,캠벨얼리,9620.594,L과,1,kg
2024-09,포도,캠벨얼리,8198.62,M과,1,kg
2024-09,포도,거봉,22726.805,L과,2,kg
2024-09,포도,MBA,7068.424,L과,1,kg
2024-09,포도,샤인머스켓,22498.05,L과,2,kg
2024-09,포도,샤인머스켓,13659.164,M과,2,kg
2024-09,감귤,시설,8769.573,M과,10,개
2024-09,감귤,시설,6715.116,S과,10,개
2024-09,바나나,수입,332.889,상품,100,g
2024-09,바나나,수입,262.887,중품,100,g
2024-09,참다래,그린 뉴질랜드,9358.922,상품,10,개
2024-09,참다래,그린 뉴질랜드,8289.774,중품,10,개
2024-09,파인애플,수입,7701.316,상품,1,개
2024-09,파인애플,수입,7627.059,중품,1,개
2024-09,오렌지,네이블 호주,15268.333,상품,10,개
2024-09,오렌지,네이블 호주,13479.62,중품,10,개
2024-09,방울토마토,방울토마토,10913.78,상품,1,kg
2024-09,방울토마토,대추방울토마토,11264.077,상품,1,kg
2024-09,레몬,수입,10944.912,상품,10,개
2024-09,레몬,수입,8660.121,중품,10,개
2024-09,체리,수입,3245.996,상품,100,g
2024-09,망고,수입,7171.417,상품,1,개
2024-09,아보카도,수입,2184.161,상품,1,개
2024-09,고등어,국산(염장),5033.325,중품,1,손
2024-09,고등어,국산(신선 냉장),3866.568,大,1,마리
2024-09,고등어,국산(신선 냉장),2706.635,中,1,마리
2024-09,고등어,국산(냉동),3898.717,大,1,마리
2024-09,고등어,수입산(염장),7276.023,大,1,손
2024-09,꽁치,냉동(수입),7101.722,중품,5,마리
2024-09,갈치,국산(냉장),14197.594,大,1,마리
2024-09,갈치,국산(냉장),6559.455,中,1,마리
2024-09,갈치,국산(냉장),3653.892,小,1,마리
2024-09,갈치,국산(냉동),9597.398,大,1,마리
2024-09,갈치,국산(냉동),3912.077,中,1,마리
2024-09,조기,참조기(냉동),1794.027,中,1,마리
2024-09,조기,참조기(냉동),1247.211,小,1,마리
2024-09,조기,굴비,2621.6,中,1,마리
2024-09,명태,냉동(원양수입통합),3901.293,大,1,마리
2024-09,명태,냉동(원양수입통합),2768.75,中,1,마리
2024-09,명태,냉동가공,9479.525,中,1,kg
2024-09,물오징어,연근해(신선 냉장),5376.066,中,1,마리
2024-09,물오징어,연근해(신선 냉장),4737.367,小,1,마리
2024-09,물오징어,연근해(냉동),5388.181,中,1,마리
2024-09,물오징어,원양(냉동),4234.968,中,1,마리
2024-09,물오징어,원양(냉동),2812.312,小,1,마리
2024-09,건멸치,건멸치,2404.593,대멸,100,g
2024-09,건멸치,건멸치,2878.694,중멸,100,g
2024-09,건멸치,건멸치,3224.183,세멸,100,g
2024-09,건오징어,건오징어,77468.96,중품,10,마리
2024-09,김,마른김,1359.922,중품,10,장
2024-09,김,얼구운김,2085.845,중품,10,장
2024-09,건미역,건미역,3081.784,상품,100,g
2024-09,수입조기,부세수입(냉동),3818.001,중품,1,마리
2024-09,새우젓,새우젓,15393.123,상품,1,kg
2024-09,멸치액젓,멸치액젓,5385.434,상품,1,kg
2024-09,굵은소금,굵은소금,11090.918,상품,5,kg
2024-09,전복,전복,12974.177,중품,5,마리
2024-09,새우,흰다리(수입),4839.418,중품,10,마리
2024-09,홍합,깐홍합(냉장),2680.244,상품,100,g
2024-09,홍합,안깐홍합(냉장),4170.727,상품,1,kg
2024-09,건다시마,완도산,3750.715,상품,100,g
2024-09,즉석밥,CJ 햇반 백미밥 210g×8개,9707.647,상품,1,묶음
2024-09,두부,풀무원 국산콩 300g×2,5214.447,상품,1,개
2024-09,김치,대상 종가집 포기김치 3.3kg,34520.655,상품,1,개
2024-09,고추장,해찬들 우리쌀로만든 태양초고추장 1kg,15767.327,상품,1,개
2024-09,된장,청정원 재래식 생된장 1kg,8035.16,상품,1,개
2024-09,간장,샘표 양조간장 501 1.7L,13777.081,상품,1,개
2024-09,맛김(조미김),동원에프앤비 양반 들기름김 5g×20봉,9801.111,상품,1,묶음
2024-09,콩나물,풀무원 국산콩 콩나물 340g,2385.224,상품,1,봉
2024-10,쌀,20kg,51372.233,상품,20,kg
2024-10,쌀,20kg(햅쌀),54047.643,상품,20,kg
2024-10,쌀,10kg,27175.252,상품,10,kg
2024-10,쌀,10kg(햅쌀),29232.601,상품,10,kg
2024-10,찹쌀,일반계,3984.02,상품,1,kg
2024-10,콩,흰 콩(국산),5209.67,상품,500,g
2024-10,팥,붉은 팥(국산),10427.87,상품,500,g
2024-10,녹두,국산,11900.344,상품,500,g
2024-10,고구마,밤,4941.45,상품,1,kg
2024-10,고구마,밤,4629.991,중품,1,kg
2024-10,감자,수미(노지),323.716,상품,100,g
2024-10,감자,수미(노지),245.022,중품,100,g
2024-10,배추,여름(고랭지),8239.918,상품,1,포기
2024-10,배추,여름(고랭지),6542.667,중품,1,포기
2024-10,양배추,양배추,4798.883,상품,1,포기
2024-10,양배추,양배추,3940.218,중품,1,포기
2024-10,시금치,시금치,1667.269,상품,100,g
2024-10,상추,적,2240.232,상품,100,g
2024-10,상추,청,2329.103,상품,100,g
2024-10,얼갈이배추,얼갈이배추,4349.807,상품,1,kg
2024-10,갓,갓,4038.452,상품,1,kg
2024-10,수박,수박,26120.745,상품,1,개
2024-10,수박,수박,22947.636,중품,1,개
2024-10,오이,가시계통,16212.093,상품,10,개
2024-10,오이,다다기계통,14299.193,상품,10,개
2024-10,오이,다다기계통,8708.113,중품,10,개
2024-10,오이,취청,16553.016,상품,10,개
2024-10,호박,애호박,2320.45,상품,1,개
2024-10,호박,애호박,1618.9,중품,1,개
2024-10,호박,쥬키니,2942.08,상품,1,개
2024-10,토마토,토마토,11524.451,상품,1,kg
2024-10,무,고랭지,3597.881,상품,1,개
2024-10,무,고랭지,3239.676,중품,1,개
2024-10,당근,무세척,7116.35,상품,1,kg
2024-10,당근,무세척,5564.41,중품,1,kg
2024-10,열무,열무,4379.224,상품,1,kg
2024-10,건고추,화건,18301.525,상품,600,g
2024-10,풋고추,풋고추(녹광 등),2085.216,상품,100,g
2024-10,풋고추,꽈리고추,2154.16,상품,100,g
2024-10,풋고추,꽈리고추,1250.056,중품,100,g
2024-10,풋고추,청양고추,1553.43,상품,100,g
2024-10,풋고추,청양고추,926.941,중품,100,g
2024-10,풋고추,오이맛고추,1534.07,상품,100,g
2024-10,풋고추,오이맛고추,1032.464,중품,100,g
2024-10,붉은고추,붉은고추,2591.6,상품,100,g
2024-10,양파,양파,2131.47,상품,1,kg
2024-10,양파,양파,1679.883,중품,1,kg
2024-10,파,대파,3457.384,상품,1,kg
2024-10,파,대파,2438.96,중품,1,kg
2024-10,파,쪽파,9588.915,상품,1,kg
2024-10,생강,국산,13638.5,상품,1,kg
2024-10,고춧가루,국산,34565.102,상품,1,kg
2024-10,고춧가루,중국,13388.182,상품,1,kg
2024-10,미나리,미나리,1948.405,상품,100,g
2024-10,깻잎,깻잎,3458.359,상품,100,g
2024-10,피망,청,1854.255,상품,100,g
2024-10,파프리카,파프리카,2280.771,상품,200,g
2024-10,파프리카,파프리카,1637.801,중품,200,g
2024-10,멜론,멜론,10105.266,상품,1,개
2024-10,멜론,멜론,6841.667,중품,1,개
2024-10,깐마늘(국산),깐마늘(국산),10393.96,상품,1,kg
2024-10,깐마늘(국산),깐마늘(국산),8102.12,중품,1,kg
2024-10,절임배추,가을,60955.172,상품,20,kg
2024-10,절임배추,월동,48650,상품,20,kg
2024-10,알배기배추,알배기배추,5577.779,상품,1,포기
2024-10,알배기배추,알배기배추,3248.313,중품,1,포기
2024-10,브로콜리,브로콜리(국산),4504.037,상품,1,개
2024-10,브로콜리,브로콜리(국산),4125.4,중품,1,개
2024-10,참깨,백색(국산),17094.21,상품,500,g
2024-10,참깨,중국,5216.375,중품,500,g
2024-10,땅콩,국산,3772.439,상품,100,g
2024-10,땅콩,수입,1106.498,중품,100,g
2024-10,느타리버섯,느타리버섯,1038.741,상품,100,g
2024-10,느타리버섯,애느타리버섯,636.506,상품,100,g
2024-10,팽이버섯,팽이버섯,569.539,상품,150,g
2024-10,새송이버섯,새송이버섯,604.033,상품,100,g
2024-10,새송이버섯,새송이버섯,507.838,중품,100,g
2024-10,호두,수입,1591.58,중품,100,g
2024-10,아몬드,수입,1497.484,중품,100,g
2024-10,사과,후지,26512.98,상품,10,개
2024-10,사과,후지,18906.319,중품,10,개
2024-10,사과,홍로,22906.575,상품,10,개
2024-10,사과,홍로,17173.128,중품,10,개
2024-10,배,신고,28690.572,상품,10,개
2024-10,배,신고,24230.887,중품,10,개
2024-10,포도,캠벨얼리,8672.213,L과,1,kg
2024-10,포도,캠벨얼리,7352.188,M과,1,kg
2024-10,포도,거봉,24237.957,L과,2,kg
2024-10,포도,MBA,6692.787,L과,1,kg
2024-10,포도,샤인머스켓,15609.62,L과,2,kg
2024-10,포도,샤인머스켓,9694.578,M과,2,kg
2024-10,감귤,노지,3918.84,M과,10,개
2024-10,감귤,노지,3022.414,S과,10,개
2024-10,감귤,시설,6824.376,M과,10,개
2024-10,감귤,시설,5155.404,S과,10,개
2024-10,단감,단감,16958.745,상품,10,개
2024-10,단감,단감,13663.022,중품,10,개
2024-10,바나나,수입,307.241,상품,100,g
2024-10,바나나,수입,244.343,중품,100,g
2024-10,참다래,그린 뉴질랜드,9287.807,상품,10,개
2024-10,참다래,그린 뉴질랜드,7695.273,중품,10,개
2024-10,파인애플,수입,7809.2,상품,1,개
2024-10,파인애플,수입,7084.61,중품,1,개
2024-10,오렌지,네이블 호주,15870,상품,10,개
2024-10,오렌지,네이블 호주,13188.542,중품,10,개
2024-10,방울토마토,방울토마토,14900.802,상품,1,kg
2024-10,방울토마토,대추방울토마토,15126.553,상품,1,kg
2024-10,레몬,수입,10954.866,상품,10,개
2024-10,레몬,수입,8883.686,중품,10,개
2024-10,체리,수입,3318.818,상품,100,g
2024-10,망고,수입,5751.473,상품,1,개
2024-10,망고,수입,4213.016,중품,1,개
2024-10,아보카도,수입,2251.096,상품,1,개
2024-10,고등어,국산(염장),5103.055,중품,1,손
2024-10,고등어,국산(신선 냉장),4011.787,大,1,마리
2024-10,고등어,국산(신선 냉장),3166.995,中,1,마리
2024-10,고등어,국산(냉동),4164.427,大,1,마리
2024-10,고등어,수입산(염장),7322.701,大,1,손
2024-10,꽁치,냉동(수입),7087.706,중품,5,마리
2024-10,갈치,국산(냉장),13964.374,大,1,마리
2024-10,갈치,국산(냉장),6900.012,中,1,마리
2024-10,갈치,국산(냉장),3896.016,小,1,마리
2024-10,갈치,국산(냉동),9477.818,大,1,마리
2024-10,갈치,국산(냉동),4482.809,中,1,마리
2024-10,갈치,수입산(냉동),8942.5,大,1,마리
2024-10,조기,참조기(신선 냉장),1386.837,小,1,마리
2024-10,조기,참조기(냉동),2040.086,中,1,마리
2024-10,조기,참조기(냉동),1306.44,小,1,마리
2024-10,조기,굴비,2653.138,中,1,마리
2024-10,명태,냉동(원양수입통합),4223.208,大,1,마리
2024-10,명태,냉동(원양수입통합),2462.5,中,1,마리
2024-10,명태,냉동가공,9885.204,中,1,kg
2024-10,물오징어,연근해(신선 냉장),5855.39,中,1,마리
2024-10,물오징어,연근해(신선 냉장),5530.121,小,1,마리
2024-10,물오징어,연근해(냉동),5365.771,中,1,마리
2024-10,물오징어,원양(냉동),4539.992,中,1,마리
2024-10,물오징어,원양(냉동),2928.918,小,1,마리
2024-10,건멸치,건멸치,2460.098,대멸,100,g
2024-10,건멸치,건멸치,2943.66,중멸,100,g
2024-10,건멸치,건멸치,3304.216,세멸,100,g
2024-10,건오징어,건오징어,80377.625,중품,10,마리
2024-10,김,마른김,1368.778,중품,10,장
2024-10,김,얼구운김,2032.784,중품,10,장
2024-10,건미역,건미역,3113.843,상품,100,g
2024-10,굴,굴,20018.103,상품,1,kg
2024-10,수입조기,부세수입(냉동),3823.032,중품,1,마리
2024-10,새우젓,새우젓,15223.032,상품,1,kg
2024-10,멸치액젓,멸치액젓,5378.235,상품,1,kg
2024-10,굵은소금,굵은소금,11693.541,상품,5,kg
2024-10,전복,전복,13134.957,중품,5,마리
2024-10,새우,흰다리(수입),4963.761,중품,10,마리
2024-10,홍합,깐홍합(냉장),2780.086,상품,100,g
2024-10,홍합,안깐홍합(냉장),4367.786,상품,1,kg
2024-10,가리비,해만가리비(홍가리비),8142.012,상품,1,kg
2024-10,건다시마,완도산,3747.66,상품,100,g
2024-10,즉석밥,CJ 햇반 백미밥 210g×8개,10021.088,상품,1,묶음
2024-10,두부,풀무원 국산콩 300g×2,5267.015,상품,1,개
2024-10,김치,대상 종가집 포기김치 3.3kg,35364.602,상품,1,개
2024-10,고추장,해찬들 우리쌀로만든 태양초고추장 1kg,16429.242,상품,1,개
2024-10,된장,청정원 재래식 생된장 1kg,6371.86,상품,1,개
2024-10,간장,샘표 양조간장 501 1.7L,13678.667,상품,1,개
2024-10,맛김(조미김),동원에프앤비 양반 들기름김 5g×20봉,10173.245,상품,1,묶음
2024-10,콩나물,풀무원 국산콩 콩나물 340g,2358.8,상품,1,봉
2024-11,쌀,20kg,54521.029,상품,20,kg
2024-11,쌀,10kg,28817.629,상품,10,kg
2024-11,찹쌀,일반계,4288.99,상품,1,kg
2024-11,콩,흰 콩(국산),5094.431,상품,500,g
2024-11,팥,붉은 팥(국산),10600.387,상품,500,g
2024-11,녹두,국산,11630.785,상품,500,g
2024-11,고구마,밤,4964.55,상품,1,kg
2024-11,고구마,밤,4506.98,중품,1,kg
2024-11,감자,수미(노지),330.418,상품,100,g
2024-11,감자,수미(노지),240.646,중품,100,g
2024-11,배추,여름(고랭지),4654.406,상품,1,포기
2024-11,배추,여름(고랭지),4595.139,중품,1,포기
2024-11,배추,가을,3501.234,상품,1,포기
2024-11,배추,가을,3429.347,중품,1,포기
2024-11,양배추,양배추,5420.791,상품,1,포기
2024-11,양배추,양배추,3880.166,중품,1,포기
2024-11,시금치,시금치,977.09,상품,100,g
2024-11,상추,적,1442.097,상품,100,g
2024-11,상추,청,1592.037,상품,100,g
2024-11,얼갈이배추,얼갈이배추,3501.953,상품,1,kg
2024-11,갓,갓,3907.901,상품,1,kg
2024-11,수박,수박,25957.883,상품,1,개
2024-11,수박,수박,23321.348,중품,1,개
2024-11,오이,가시계통,17653.813,상품,10,개
2024-11,오이,다다기계통,14033.223,상품,10,개
2024-11,오이,다다기계통,8693.479,중품,10,개
2024-11,오이,취청,17576.019,상품,10,개
2024-11,호박,애호박,2178.4,상품,1,개
2024-11,호박,애호박,1624.871,중품,1,개
2024-11,호박,쥬키니,2066.47,상품,1,개
2024-11,토마토,토마토,9083.6,상품,1,kg
2024-11,무,고랭지,3017.311,상품,1,개
2024-11,무,고랭지,2803.102,중품,1,개
2024-11,무,가을,2663.073,상품,1,개
2024-11,무,가을,2193.216,중품,1,개
2024-11,당근,무세척,6661.11,상품,1,kg
2024-11,당근,무세척,4992.96,중품,1,kg
2024-11,열무,열무,3694.332,상품,1,kg
2024-11,건고추,화건,18049.707,상품,600,g
2024-11,풋고추,풋고추(녹광 등),1932.922,상품,100,g
2024-11,풋고추,꽈리고추,1722.064,상품,100,g
2024-11,풋고추,꽈리고추,1061.573,중품,100,g
2024-11,풋고추,청양고추,1559.019,상품,100,g
2024-11,풋고추,청양고추,947.611,중품,100,g
2024-11,풋고추,오이맛고추,1411.392,상품,100,g
2024-11,풋고추,오이맛고추,950,중품,100,g
2024-11,붉은고추,붉은고추,2466.176,상품,100,g
2024-11,양파,양파,1897.912,상품,1,kg
2024-11,파,대파,3281.141,상품,1,kg
2024-11,파,대파,2497.57,중품,1,kg
2024-11,파,쪽파,8065.419,상품,1,kg
2024-11,생강,국산,9392.642,상품,1,kg
2024-11,고춧가루,국산,29892.251,상품,1,kg
2024-11,고춧가루,중국,13426.591,상품,1,kg
2024-11,미나리,미나리,1576.959,상품,100,g
2024-11,깻잎,깻잎,2951.091,상품,100,g
2024-11,피망,청,2069.182,상품,100,g
2024-11,파프리카,파프리카,1981.768,상품,200,g
2024-11,파프리카,파프리카,1513.091,중품,200,g
2024-11,멜론,멜론,12922.599,상품,1,개
2024-11,멜론,멜론,7994.68,중품,1,개
2024-11,깐마늘(국산),깐마늘(국산),8760.556,상품,1,kg
2024-11,깐마늘(국산),깐마늘(국산),7843.485,중품,1,kg
2024-11,절임배추,가을,57015.32,상품,20,kg
2024-11,절임배추,월동,48650,상품,20,kg
2024-11,알배기배추,알배기배추,3614.007,상품,1,포기
2024-11,알배기배추,알배기배추,2149.349,중품,1,포기
2024-11,브로콜리,브로콜리(국산),3200.604,상품,1,개
2024-11,브로콜리,브로콜리(국산),3015.833,중품,1,개
2024-11,참깨,백색(국산),17167.412,상품,500,g
2024-11,참깨,중국,5182.438,중품,500,g
2024-11,땅콩,국산,3841.724,상품,100,g
2024-11,땅콩,수입,1106.472,중품,100,g
2024-11,느타리버섯,느타리버섯,1023.04,상품,100,g
2024-11,느타리버섯,애느타리버섯,623.79,상품,100,g
2024-11,팽이버섯,팽이버섯,567.14,상품,150,g
2024-11,새송이버섯,새송이버섯,583.516,상품,100,g
2024-11,새송이버섯,새송이버섯,485.059,중품,100,g
2024-11,호두,수입,1703.641,중품,100,g
2024-11,아몬드,수입,1531.44,중품,100,g
2024-11,사과,후지,24756.734,상품,10,개
2024-11,사과,후지,18322.176,중품,10,개
2024-11,사과,홍로,22161.2,상품,10,개
2024-11,사과,홍로,16178.623,중품,10,개
2024-11,배,신고,33807.462,상품,10,개
2024-11,배,신고,26436.071,중품,10,개
2024-11,포도,캠벨얼리,8421.209,L과,1,kg
2024-11,포도,거봉,24681.818,L과,2,kg
2024-11,포도,MBA,6235,L과,1,kg
2024-11,포도,샤인머스켓,14718.232,L과,2,kg
2024-11,포도,샤인머스켓,9792.292,M과,2,kg
2024-11,감귤,노지,3813.385,M과,10,개
2024-11,감귤,노지,2981.65,S과,10,개
2024-11,감귤,시설,6377.147,M과,10,개
2024-11,감귤,시설,4517.522,S과,10,개
2024-11,단감,단감,12284.204,상품,10,개
2024-11,단감,단감,8769.316,중품,10,개
2024-11,바나나,수입,307.715,상품,100,g
2024-11,바나나,수입,238.966,중품,100,g
2024-11,참다래,그린 뉴질랜드,9102.128,상품,10,개
2024-11,참다래,그린 뉴질랜드,7573.292,중품,10,개
2024-11,파인애플,수입,6620.788,상품,1,개
2024-11,파인애플,수입,5975.871,중품,1,개
2024-11,오렌지,네이블 호주,16697.14,상품,10,개
2024-11,오렌지,네이블 호주,15590.406,중품,10,개
2024-11,방울토마토,방울토마토,13876.637,상품,1,kg
2024-11,방울토마토,대추방울토마토,12094.166,상품,1,kg
2024-11,레몬,수입,10282.04,상품,10,개
2024-11,레몬,수입,8602.593,중품,10,개
2024-11,체리,수입,3643.043,상품,100,g
2024-11,체리,수입,3379.838,중품,100,g
2024-11,망고,수입,5664.175,상품,1,개
2024-11,망고,수입,4329.097,중품,1,개
2024-11,아보카도,수입,2166.823,상품,1,개
2024-11,고등어,국산(염장),5577.098,중품,1,손
2024-11,고등어,국산(신선 냉장),4289.492,大,1,마리
2024-11,고등어,국산(신선 냉장),3313.194,中,1,마리
2024-11,고등어,국산(냉동),4320.479,大,1,마리
2024-11,고등어,수입산(염장),7578.351,大,1,손
2024-11,꽁치,냉동(수입),7092.409,중품,5,마리
2024-11,갈치,국산(냉장),13938.352,大,1,마리
2024-11,갈치,국산(냉장),6991.444,中,1,마리
2024-11,갈치,국산(냉장),3935.714,小,1,마리
2024-11,갈치,국산(냉동),8138.768,大,1,마리
2024-11,갈치,국산(냉동),4615.036,中,1,마리
2024-11,조기,참조기(신선 냉장),1258.411,小,1,마리
2024-11,조기,참조기(냉동),2083.213,中,1,마리
2024-11,조기,참조기(냉동),1325.956,小,1,마리
2024-11,조기,굴비,2833.295,中,1,마리
2024-11,명태,냉동(원양수입통합),3927.749,大,1,마리
2024-11,명태,냉동가공,9592.771,中,1,kg
2024-11,물오징어,연근해(신선 냉장),6019.5,中,1,마리
2024-11,물오징어,연근해(신선 냉장),5724.028,小,1,마리
2024-11,물오징어,연근해(냉동),5680.703,中,1,마리
2024-11,물오징어,원양(냉동),4509.452,中,1,마리
2024-11,물오징어,원양(냉동),2672.118,小,1,마리
2024-11,건멸치,건멸치,2483.667,대멸,100,g
2024-11,건멸치,건멸치,2879.79,중멸,100,g
2024-11,건멸치,건멸치,3216.059,세멸,100,g
2024-11,건오징어,건오징어,78790.888,중품,10,마리
2024-11,김,마른김,1389.24,중품,10,장
2024-11,김,얼구운김,2054.13,중품,10,장
2024-11,건미역,건미역,3126.647,상품,100,g
2024-11,굴,굴,22043.992,상품,1,kg
2024-11,수입조기,부세수입(냉동),3818.478,중품,1,마리
2024-11,새우젓,새우젓,14356.296,상품,1,kg
2024-11,멸치액젓,멸치액젓,5018.363,상품,1,kg
2024-11,굵은소금,굵은소금,11005.092,상품,5,kg
2024-11,전복,전복,12808.823,중품,5,마리
2024-11,새우,흰다리(수입),4787.304,중품,10,마리
2024-11,홍합,깐홍합(냉장),2847.195,상품,100,g
2024-11,홍합,안깐홍합(냉장),4497.657,상품,1,kg
2024-11,가리비,해만가리비(홍가리비),7762.914,상품,1,kg
2024-11,건다시마,완도산,3762.1,상품,100,g
2024-11,즉석밥,CJ 햇반 백미밥 210g×8개,9861.367,상품,1,묶음
2024-11,두부,풀무원 국산콩 300g×2,5152.35,상품,1,개
2024-11,고추장,해찬들 우리쌀로만든 태양초고추장 1kg,16788.796,상품,1,개
2024-11,된장,청정원 재래식 생된장 1kg,7300.874,상품,1,개
2024-11,간장,샘표 양조간장 501 1.7L,13942.818,상품,1,개
2024-11,맛김(조미김),동원에프앤비 양반 들기름김 5g×20봉,9825.414,상품,1,묶음
2024-11,콩나물,풀무원 국산콩 콩나물 340g,2355.509,상품,1,봉
2024-12,쌀,20kg,54378.2,상품,20,kg
2024-12,쌀,10kg,28610.1,상품,10,kg
2024-12,찹쌀,일반계,4588.68,상품,1,kg
2024-12,콩,흰 콩(국산),5224.202,상품,500,g
2024-12,팥,붉은 팥(국산),13256.924,상품,500,g
2024-12,녹두,국산,11818.975,상품,500,g
2024-12,고구마,밤,4943.66,상품,1,kg
2024-12,고구마,밤,4500.567,중품,1,kg
2024-12,감자,수미(노지),352.858,상품,100,g
2024-12,감자,수미(노지),283.031,중품,100,g
2024-12,배추,가을,4153.99,상품,1,포기
2024-12,배추,가을,3490,중품,1,포기
2024-12,배추,월동,4544.789,상품,1,포기
2024-12,배추,월동,3714.028,중품,1,포기
2024-12,양배추,양배추,5022.744,상품,1,포기
2024-12,양배추,양배추,3961.441,중품,1,포기
2024-12,시금치,시금치,932.293,상품,100,g
2024-12,상추,적,1008.689,상품,100,g
2024-12,상추,청,1138.078,상품,100,g
2024-12,얼갈이배추,얼갈이배추,2960.109,상품,1,kg
2024-12,갓,갓,4868.023,상품,1,kg
2024-12,수박,수박,26862.096,상품,1,개
2024-12,수박,수박,23485.304,중품,1,개
2024-12,오이,가시계통,17325.897,상품,10,개
2024-12,오이,다다기계통,13363.761,상품,10,개
2024-12,오이,다다기계통,8375.164,중품,10,개
2024-12,오이,취청,17501.091,상품,10,개
2024-12,호박,애호박,1924.34,상품,1,개
2024-12,호박,애호박,1475.621,중품,1,개
2024-12,호박,쥬키니,1783.8,상품,1,개
2024-12,토마토,토마토,8067.89,상품,1,kg
2024-12,딸기,딸기,2733.388,상품,100,g
2024-12,딸기,딸기,2182.606,중품,100,g
2024-12,무,가을,3397.591,상품,1,개
2024-12,무,가을,2698.408,중품,1,개
2024-12,무,월동,3101.611,상품,1,개
2024-12,무,월동,2568.073,중품,1,개
2024-12,당근,무세척,6573.56,상품,1,kg
2024-12,당근,무세척,5517.544,중품,1,kg
2024-12,열무,열무,2996.279,상품,1,kg
2024-12,건고추,화건,18159.061,상품,600,g
2024-12,풋고추,풋고추(녹광 등),1420.647,상품,100,g
2024-12,풋고추,꽈리고추,1406.825,상품,100,g
2024-12,풋고추,꽈리고추,923.647,중품,100,g
2024-12,풋고추,청양고추,1344.878,상품,100,g
2024-12,풋고추,청양고추,816.883,중품,100,g
2024-12,풋고추,오이맛고추,1194.034,상품,100,g
2024-12,붉은고추,붉은고추,3213.265,상품,100,g
2024-12,양파,양파,2112.43,상품,1,kg
2024-12,파,대파,3914.867,상품,1,kg
2024-12,파,대파,2730.431,중품,1,kg
2024-12,파,쪽파,10844.022,상품,1,kg
2024-12,생강,국산,10760.479,상품,1,kg
2024-12,고춧가루,국산,30960.5,상품,1,kg
2024-12,고춧가루,중국,13441.818,상품,1,kg
2024-12,미나리,미나리,1706.677,상품,100,g
2024-12,깻잎,깻잎,2744.7,상품,100,g
2024-12,피망,청,1484.29,상품,100,g
2024-12,파프리카,파프리카,1916.219,상품,200,g
2024-12,파프리카,파프리카,1514.606,중품,200,g
2024-12,멜론,멜론,15941.105,상품,1,개
2024-12,멜론,멜론,12144.938,중품,1,개
2024-12,깐마늘(국산),깐마늘(국산),9590.88,상품,1,kg
2024-12,깐마늘(국산),깐마늘(국산),7854.102,중품,1,kg
2024-12,절임배추,가을,59293.651,상품,20,kg
2024-12,알배기배추,알배기배추,2839.21,상품,1,포기
2024-12,알배기배추,알배기배추,1710.294,중품,1,포기
2024-12,브로콜리,브로콜리(국산),2518.158,상품,1,개
2024-12,브로콜리,브로콜리(국산),2360.598,중품,1,개
2024-12,참깨,백색(국산),17771.316,상품,500,g
2024-12,참깨,중국,5181.875,중품,500,g
2024-12,땅콩,국산,3853.393,상품,100,g
2024-12,땅콩,수입,1105.7,중품,100,g
2024-12,느타리버섯,느타리버섯,1015.76,상품,100,g
2024-12,느타리버섯,애느타리버섯,595.307,상품,100,g
2024-12,팽이버섯,팽이버섯,556.219,상품,150,g
2024-12,새송이버섯,새송이버섯,574.021,상품,100,g
2024-12,새송이버섯,새송이버섯,479.114,중품,100,g
2024-12,호두,수입,1771.149,중품,100,g
2024-12,아몬드,수입,1593.099,중품,100,g
2024-12,사과,후지,26159.197,상품,10,개
2024-12,사과,후지,19000.821,중품,10,개
2024-12,배,신고,38807.804,상품,10,개
2024-12,배,신고,30985.536,중품,10,개
2024-12,포도,샤인머스켓,16904.357,L과,2,kg
2024-12,포도,샤인머스켓,11304.167,M과,2,kg
2024-12,감귤,노지,4228.54,M과,10,개
2024-12,감귤,노지,3358.437,S과,10,개
2024-12,단감,단감,13610.857,상품,10,개
2024-12,단감,단감,9255.652,중품,10,개
2024-12,바나나,수입,290.303,상품,100,g
2024-12,바나나,수입,227.473,중품,100,g
2024-12,참다래,그린 뉴질랜드,9117.036,상품,10,개
2024-12,참다래,그린 뉴질랜드,7025.898,중품,10,개
2024-12,파인애플,수입,6395.171,상품,1,개
2024-12,파인애플,수입,5324.209,중품,1,개
2024-12,방울토마토,방울토마토,13111.225,상품,1,kg
2024-12,방울토마토,대추방울토마토,11494.131,상품,1,kg
2024-12,레몬,수입,11254.944,상품,10,개
2024-12,레몬,수입,9267.265,중품,10,개
2024-12,체리,수입,3249.188,상품,100,g
2024-12,체리,수입,3255,중품,100,g
2024-12,망고,수입,5579.238,상품,1,개
2024-12,망고,수입,4001.528,중품,1,개
2024-12,아보카도,수입,2178.575,상품,1,개
2024-12,고등어,국산(염장),6070.58,중품,1,손
2024-12,고등어,국산(신선 냉장),4703.48,大,1,마리
2024-12,고등어,국산(신선 냉장),3676.815,中,1,마리
2024-12,고등어,국산(냉동),4252.215,大,1,마리
2024-12,고등어,수입산(염장),8047.698,大,1,손
2024-12,꽁치,냉동(수입),6985.895,중품,5,마리
2024-12,갈치,국산(냉장),14018.694,大,1,마리
2024-12,갈치,국산(냉장),6973.089,中,1,마리
2024-12,갈치,국산(냉장),3861.242,小,1,마리
2024-12,갈치,국산(냉동),8726.389,大,1,마리
2024-12,갈치,국산(냉동),4714.604,中,1,마리
2024-12,갈치,국산(냉동),3143.333,小,1,마리
2024-12,조기,참조기(신선 냉장),1274.82,小,1,마리
2024-12,조기,참조기(냉동),2079.911,中,1,마리
2024-12,조기,참조기(냉동),1390.373,小,1,마리
2024-12,조기,굴비,2856.365,中,1,마리
2024-12,명태,냉동(원양수입통합),3981.105,大,1,마리
2024-12,명태,냉동가공,9876.943,中,1,kg
2024-12,물오징어,연근해(신선 냉장),8278.482,中,1,마리
2024-12,물오징어,연근해(냉동),6062.976,中,1,마리
2024-12,물오징어,원양(냉동),4927.896,中,1,마리
2024-12,물오징어,원양(냉동),3148.981,小,1,마리
2024-12,마른멸치,마른멸치,2521.108,대멸,100,g
2024-12,마른멸치,마른멸치,2960.5,중멸,100,g
2024-12,마른멸치,마른멸치,3299.931,세멸,100,g
2024-12,마른오징어,마른오징어,79969.878,중품,10,마리
2024-12,김,마른김,1411.579,중품,10,장
2024-12,김,얼구운김,2081.235,중품,10,장
2024-12,마른미역,마른미역,3116.696,상품,100,g
2024-12,굴,굴,26579.118,상품,1,kg
2024-12,수입조기,부세수입(냉동),3810.217,중품,1,마리
2024-12,새우젓,새우젓,14863.922,상품,1,kg
2024-12,멸치액젓,멸치액젓,5362.167,상품,1,kg
2024-12,천일염,천일염,11033.186,상품,5,kg
2024-12,전복,전복,12753.588,중품,5,마리
2024-12,새우,흰다리(수입),4770.105,중품,10,마리
2024-12,홍합,깐홍합(냉장),2858.378,상품,100,g
2024-12,홍합,안깐홍합(냉장),4460.532,상품,1,kg
2024-12,가리비,해만가리비(홍가리비),7925.533,상품,1,kg
2024-12,건다시마,완도산,3763.71,상품,100,g
2024-12,즉석밥,CJ 햇반 백미밥 210g×8개,9887.897,상품,1,묶음
2024-12,두부,풀무원 국산콩 300g×2,5252.092,상품,1,개
2024-12,고추장,해찬들 우리쌀로만든 태양초고추장 1kg,16257,상품,1,개
2024-12,된장,청정원 재래식 생된장 1kg,7151.875,상품,1,개
2024-12,간장,샘표 양조간장 501 1.7L,13443.697,상품,1,개
2024-12,맛김(조미김),동원에프앤비 양반 들기름김 5g×20봉,9951.763,상품,1,묶음
2024-12,콩나물,풀무원 국산콩 콩나물 340g,2385.121,상품,1,봉
